site_id,year,Count_Date,electorate,Trips/hour,avg_Diesel_14d,avg_Unleaded_91_14d,avg_Premium_95_14d,PC1_fuel_price
5467.0,2019,2019-09-03,Darwin,23.0,145.32499209558824,137.74861175427353,150.7416579617117,-1.6518546513215238
5467.0,2021,2021-07-27,Darwin,14.4,146.4817389408284,149.37334599484535,163.0437718525755,-0.8861456248539499
5468.0,2019,2019-09-03,Darwin,44.8,145.32499209558824,137.74861175427353,150.7416579617117,-1.6518546513215238
5468.0,2021,2021-07-27,Darwin,29.4,146.4817389408284,149.37334599484535,163.0437718525755,-0.8861456248539499
5469.0,2019,2019-09-03,Darwin,42.0,145.32499209558824,137.74861175427353,150.7416579617117,-1.6518546513215238
5469.0,2021,2021-07-27,Darwin,44.8,146.4817389408284,149.37334599484535,163.0437718525755,-0.8861456248539499
5470.0,2021,2021-07-27,Darwin,38.8,146.4817389408284,149.37334599484535,163.0437718525755,-0.8861456248539499
5471.0,2019,2019-09-03,Darwin,25.0,145.32499209558824,137.74861175427353,150.7416579617117,-1.6518546513215238
5471.0,2021,2021-07-27,Darwin,34.4,146.4817389408284,149.37334599484535,163.0437718525755,-0.8861456248539499
5471.0,2023,2023-07-25,Darwin,32.0,197.37472170392158,177.6631714871795,191.8620565175439,2.0647786174478773
5472.0,2019,2019-09-03,Darwin,31.6,145.32499209558824,137.74861175427353,150.7416579617117,-1.6518546513215238
5472.0,2021,2021-08-24,Darwin,40.8,151.66676467058824,151.66631587008547,164.86333925614036,-0.6379618015394775
5472.0,2023,2023-07-25,Darwin,32.4,197.37472170392158,177.6631714871795,191.8620565175439,2.0647786174478773
5473.0,2019,2019-09-03,Darwin,60.8,145.32499209558824,137.74861175427353,150.7416579617117,-1.6518546513215238
5473.0,2021,2021-07-27,Darwin,55.0,146.4817389408284,149.37334599484535,163.0437718525755,-0.8861456248539499
5473.0,2023,2023-08-01,Darwin,39.8,197.85519415882354,181.53234242564105,195.88143915614037,2.3195716409820566
5474.0,2019,2019-09-03,Darwin,49.8,145.32499209558824,137.74861175427353,150.7416579617117,-1.6518546513215238
5474.0,2021,2021-07-27,Darwin,48.0,146.4817389408284,149.37334599484535,163.0437718525755,-0.8861456248539499
5474.0,2023,2023-07-25,Darwin,32.2,197.37472170392158,177.6631714871795,191.8620565175439,2.0647786174478773
5475.0,2019,2019-09-03,Darwin,55.6,145.32499209558824,137.74861175427353,150.7416579617117,-1.6518546513215238
5475.0,2021,2021-07-27,Darwin,71.0,146.4817389408284,149.37334599484535,163.0437718525755,-0.8861456248539499
5475.0,2023,2023-07-25,Darwin,36.0,197.37472170392158,177.6631714871795,191.8620565175439,2.0647786174478773
5476.0,2019,2019-09-03,Darwin,48.4,145.32499209558824,137.74861175427353,150.7416579617117,-1.6518546513215238
5476.0,2021,2021-08-24,Darwin,57.0,151.66676467058824,151.66631587008547,164.86333925614036,-0.6379618015394775
5476.0,2023,2023-07-25,Darwin,36.0,197.37472170392158,177.6631714871795,191.8620565175439,2.0647786174478773
5477.0,2019,2019-09-03,Darwin,48.8,145.32499209558824,137.74861175427353,150.7416579617117,-1.6518546513215238
5477.0,2021,2021-08-24,Darwin,58.6,151.66676467058824,151.66631587008547,164.86333925614036,-0.6379618015394775
5477.0,2023,2023-07-25,Darwin,35.2,197.37472170392158,177.6631714871795,191.8620565175439,2.0647786174478773
5478.0,2019,2019-09-03,Darwin,24.8,145.32499209558824,137.74861175427353,150.7416579617117,-1.6518546513215238
5478.0,2021,2021-07-27,Darwin,49.6,146.4817389408284,149.37334599484535,163.0437718525755,-0.8861456248539499
5478.0,2023,2023-07-25,Darwin,24.8,197.37472170392158,177.6631714871795,191.8620565175439,2.0647786174478773
5480.0,2019,2019-09-03,Darwin,59.8,145.32499209558824,137.74861175427353,150.7416579617117,-1.6518546513215238
5480.0,2021,2021-07-27,Darwin,67.0,146.4817389408284,149.37334599484535,163.0437718525755,-0.8861456248539499
5480.0,2023,2023-07-25,Darwin,35.2,197.37472170392158,177.6631714871795,191.8620565175439,2.0647786174478773
5481.0,2019,2019-09-03,Darwin,25.2,145.32499209558824,137.74861175427353,150.7416579617117,-1.6518546513215238
5481.0,2021,2021-08-24,Darwin,21.2,151.66676467058824,151.66631587008547,164.86333925614036,-0.6379618015394775
5481.0,2023,2023-07-25,Darwin,10.2,197.37472170392158,177.6631714871795,191.8620565175439,2.0647786174478773
5482.0,2019,2019-09-03,Darwin,33.6,145.32499209558824,137.74861175427353,150.7416579617117,-1.6518546513215238
5482.0,2021,2021-07-27,Darwin,28.2,146.4817389408284,149.37334599484535,163.0437718525755,-0.8861456248539499
5482.0,2023,2023-08-01,Darwin,22.0,197.85519415882354,181.53234242564105,195.88143915614037,2.3195716409820566
5483.0,2019,2019-09-03,Darwin,96.0,145.32499209558824,137.74861175427353,150.7416579617117,-1.6518546513215238
5483.0,2021,2021-07-27,Darwin,123.0,146.4817389408284,149.37334599484535,163.0437718525755,-0.8861456248539499
5483.0,2023,2023-07-25,Darwin,64.4,197.37472170392158,177.6631714871795,191.8620565175439,2.0647786174478773
5484.0,2019,2019-09-03,Darwin,41.0,145.32499209558824,137.74861175427353,150.7416579617117,-1.6518546513215238
5484.0,2021,2021-07-27,Darwin,32.0,146.4817389408284,149.37334599484535,163.0437718525755,-0.8861456248539499
5484.0,2023,2023-07-25,Darwin,39.0,197.37472170392158,177.6631714871795,191.8620565175439,2.0647786174478773
5485.0,2019,2019-09-03,Darwin,48.6,145.32499209558824,137.74861175427353,150.7416579617117,-1.6518546513215238
5485.0,2021,2021-07-27,Darwin,40.6,146.4817389408284,149.37334599484535,163.0437718525755,-0.8861456248539499
5485.0,2023,2023-07-25,Darwin,30.8,197.37472170392158,177.6631714871795,191.8620565175439,2.0647786174478773
5486.0,2019,2019-09-03,Darwin,23.8,145.32499209558824,137.74861175427353,150.7416579617117,-1.6518546513215238
5486.0,2021,2021-07-27,Darwin,29.6,146.4817389408284,149.37334599484535,163.0437718525755,-0.8861456248539499
5486.0,2023,2023-07-25,Darwin,26.6,197.37472170392158,177.6631714871795,191.8620565175439,2.0647786174478773
5487.0,2019,2019-09-03,Darwin,12.4,145.32499209558824,137.74861175427353,150.7416579617117,-1.6518546513215238
5487.0,2021,2021-07-27,Darwin,7.4,146.4817389408284,149.37334599484535,163.0437718525755,-0.8861456248539499
5487.0,2023,2023-07-25,Darwin,6.8,197.37472170392158,177.6631714871795,191.8620565175439,2.0647786174478773
5488.0,2019,2019-09-03,Darwin,27.0,145.32499209558824,137.74861175427353,150.7416579617117,-1.6518546513215238
5488.0,2021,2021-07-27,Darwin,18.0,146.4817389408284,149.37334599484535,163.0437718525755,-0.8861456248539499
5488.0,2023,2023-07-25,Darwin,24.2,197.37472170392158,177.6631714871795,191.8620565175439,2.0647786174478773
5500.0,2019,2019-09-03,Palmerston,30.6,145.32499209558824,137.74861175427353,150.7416579617117,-1.6518546513215238
5500.0,2021,2021-07-27,Palmerston,25.6,146.4817389408284,149.37334599484535,163.0437718525755,-0.8861456248539499
5500.0,2023,2023-08-08,Palmerston,12.6,199.68139947945207,187.55129182935156,201.92314189667252,2.7346738763852376
5501.0,2019,2019-09-03,Palmerston,11.2,145.32499209558824,137.74861175427353,150.7416579617117,-1.6518546513215238
5501.0,2021,2021-07-27,Palmerston,8.0,146.4817389408284,149.37334599484535,163.0437718525755,-0.8861456248539499
5501.0,2023,2023-08-15,Palmerston,6.2,204.20870676254827,192.51225319561553,206.8521378062284,3.145769386649082
5507.0,2019,2019-09-03,Darwin,50.0,145.32499209558824,137.74861175427353,150.7416579617117,-1.6518546513215238
5507.0,2021,2021-07-27,Darwin,39.4,146.4817389408284,149.37334599484535,163.0437718525755,-0.8861456248539499
5507.0,2023,2023-07-25,Darwin,38.2,197.37472170392158,177.6631714871795,191.8620565175439,2.0647786174478773
5508.0,2021,2021-07-27,Darwin,50.4,146.4817389408284,149.37334599484535,163.0437718525755,-0.8861456248539499
5508.0,2023,2023-07-25,Darwin,36.6,197.37472170392158,177.6631714871795,191.8620565175439,2.0647786174478773
5509.0,2019,2019-09-03,Darwin,16.0,145.32499209558824,137.74861175427353,150.7416579617117,-1.6518546513215238
5509.0,2021,2021-08-24,Darwin,15.4,151.66676467058824,151.66631587008547,164.86333925614036,-0.6379618015394775
5509.0,2023,2023-07-25,Darwin,16.2,197.37472170392158,177.6631714871795,191.8620565175439,2.0647786174478773
5510.0,2019,2019-09-03,Darwin,51.0,145.32499209558824,137.74861175427353,150.7416579617117,-1.6518546513215238
5510.0,2021,2021-07-27,Darwin,44.2,146.4817389408284,149.37334599484535,163.0437718525755,-0.8861456248539499
5510.0,2023,2023-07-25,Darwin,36.4,197.37472170392158,177.6631714871795,191.8620565175439,2.0647786174478773
5511.0,2021,2021-08-24,Darwin,26.8,151.66676467058824,151.66631587008547,164.86333925614036,-0.6379618015394775
5511.0,2023,2023-08-09,Darwin,34.0,200.20751775976564,188.44133006132878,202.81471635839162,2.801974437068197
5512.0,2019,2019-09-03,Darwin,53.6,145.32499209558824,137.74861175427353,150.7416579617117,-1.6518546513215238
5512.0,2021,2021-08-24,Darwin,30.6,151.66676467058824,151.66631587008547,164.86333925614036,-0.6379618015394775
5512.0,2023,2023-07-25,Darwin,24.6,197.37472170392158,177.6631714871795,191.8620565175439,2.0647786174478773
5513.0,2019,2019-09-03,Darwin,25.4,145.32499209558824,137.74861175427353,150.7416579617117,-1.6518546513215238
5513.0,2021,2021-08-24,Darwin,20.4,151.66676467058824,151.66631587008547,164.86333925614036,-0.6379618015394775
5513.0,2023,2023-08-01,Darwin,19.8,197.85519415882354,181.53234242564105,195.88143915614037,2.3195716409820566
5514.0,2019,2019-09-03,Darwin,28.2,145.32499209558824,137.74861175427353,150.7416579617117,-1.6518546513215238
5514.0,2021,2021-08-24,Darwin,18.6,151.66676467058824,151.66631587008547,164.86333925614036,-0.6379618015394775
5514.0,2023,2023-08-15,Darwin,22.4,204.20870676254827,192.51225319561553,206.8521378062284,3.145769386649082
5515.0,2019,2019-09-03,Darwin,23.6,145.32499209558824,137.74861175427353,150.7416579617117,-1.6518546513215238
5515.0,2021,2021-07-27,Darwin,14.0,146.4817389408284,149.37334599484535,163.0437718525755,-0.8861456248539499
5515.0,2023,2023-07-25,Darwin,3.6,197.37472170392158,177.6631714871795,191.8620565175439,2.0647786174478773
5516.0,2019,2019-09-03,Darwin,15.0,145.32499209558824,137.74861175427353,150.7416579617117,-1.6518546513215238
5516.0,2021,2021-07-27,Darwin,15.0,146.4817389408284,149.37334599484535,163.0437718525755,-0.8861456248539499
5516.0,2023,2023-08-03,Darwin,12.8,198.098419427451,183.0449371897436,197.4145408,2.4193072520044328
5517.0,2019,2019-09-03,Darwin,26.4,145.32499209558824,137.74861175427353,150.7416579617117,-1.6518546513215238
5517.0,2021,2021-07-27,Darwin,18.4,146.4817389408284,149.37334599484535,163.0437718525755,-0.8861456248539499
5517.0,2023,2023-08-03,Darwin,14.8,198.098419427451,183.0449371897436,197.4145408,2.4193072520044328
5518.0,2019,2019-09-03,Darwin,43.2,145.32499209558824,137.74861175427353,150.7416579617117,-1.6518546513215238
5518.0,2021,2021-07-27,Darwin,46.8,146.4817389408284,149.37334599484535,163.0437718525755,-0.8861456248539499
5518.0,2023,2023-08-01,Darwin,30.6,197.85519415882354,181.53234242564105,195.88143915614037,2.3195716409820566
5519.0,2019,2019-09-03,Darwin,24.0,145.32499209558824,137.74861175427353,150.7416579617117,-1.6518546513215238
5519.0,2021,2021-07-27,Darwin,17.8,146.4817389408284,149.37334599484535,163.0437718525755,-0.8861456248539499
5519.0,2023,2023-08-01,Darwin,17.8,197.85519415882354,181.53234242564105,195.88143915614037,2.3195716409820566
5520.0,2019,2019-09-03,Darwin,24.4,145.32499209558824,137.74861175427353,150.7416579617117,-1.6518546513215238
5520.0,2021,2021-07-27,Darwin,30.6,146.4817389408284,149.37334599484535,163.0437718525755,-0.8861456248539499
5520.0,2023,2023-07-25,Darwin,20.0,197.37472170392158,177.6631714871795,191.8620565175439,2.0647786174478773
5521.0,2019,2019-09-03,Darwin,21.0,145.32499209558824,137.74861175427353,150.7416579617117,-1.6518546513215238
5521.0,2021,2021-09-07,Darwin,11.8,152.48046560795456,151.73149131301483,164.90290155912163,-0.6157329814761894
5521.0,2023,2023-08-01,Darwin,13.2,197.85519415882354,181.53234242564105,195.88143915614037,2.3195716409820566
5523.0,2019,2019-09-03,Darwin,26.4,145.32499209558824,137.74861175427353,150.7416579617117,-1.6518546513215238
5523.0,2021,2021-07-27,Darwin,23.8,146.4817389408284,149.37334599484535,163.0437718525755,-0.8861456248539499
5523.0,2023,2023-07-25,Darwin,16.8,197.37472170392158,177.6631714871795,191.8620565175439,2.0647786174478773
5524.0,2019,2019-09-03,Darwin,27.8,145.32499209558824,137.74861175427353,150.7416579617117,-1.6518546513215238
5524.0,2021,2021-08-24,Darwin,34.4,151.66676467058824,151.66631587008547,164.86333925614036,-0.6379618015394775
5524.0,2023,2023-07-25,Darwin,21.0,197.37472170392158,177.6631714871795,191.8620565175439,2.0647786174478773
5525.0,2019,2019-09-03,Darwin,25.8,145.32499209558824,137.74861175427353,150.7416579617117,-1.6518546513215238
5525.0,2021,2021-08-24,Darwin,27.8,151.66676467058824,151.66631587008547,164.86333925614036,-0.6379618015394775
5525.0,2023,2023-07-25,Darwin,19.2,197.37472170392158,177.6631714871795,191.8620565175439,2.0647786174478773
5526.0,2019,2019-09-03,Darwin,22.6,145.32499209558824,137.74861175427353,150.7416579617117,-1.6518546513215238
5526.0,2021,2021-07-27,Darwin,20.0,146.4817389408284,149.37334599484535,163.0437718525755,-0.8861456248539499
5526.0,2023,2023-07-25,Darwin,21.4,197.37472170392158,177.6631714871795,191.8620565175439,2.0647786174478773
5527.0,2021,2021-08-24,Darwin,23.6,151.66676467058824,151.66631587008547,164.86333925614036,-0.6379618015394775
5527.0,2023,2023-08-15,Darwin,17.2,204.20870676254827,192.51225319561553,206.8521378062284,3.145769386649082
5528.0,2021,2021-07-27,Darwin,26.6,146.4817389408284,149.37334599484535,163.0437718525755,-0.8861456248539499
5528.0,2023,2023-08-08,Darwin,19.6,199.68139947945207,187.55129182935156,201.92314189667252,2.7346738763852376
5585.0,2019,2019-09-03,Darwin,59.8,145.32499209558824,137.74861175427353,150.7416579617117,-1.6518546513215238
5585.0,2021,2021-07-27,Darwin,75.6,146.4817389408284,149.37334599484535,163.0437718525755,-0.8861456248539499
5585.0,2023,2023-07-25,Darwin,54.0,197.37472170392158,177.6631714871795,191.8620565175439,2.0647786174478773
5981.0,2019,2019-09-03,Darwin,82.4,145.32499209558824,137.74861175427353,150.7416579617117,-1.6518546513215238
5981.0,2021,2021-07-27,Darwin,86.6,146.4817389408284,149.37334599484535,163.0437718525755,-0.8861456248539499
5981.0,2023,2023-07-25,Darwin,54.2,197.37472170392158,177.6631714871795,191.8620565175439,2.0647786174478773
5982.0,2019,2019-09-03,Palmerston,21.2,145.32499209558824,137.74861175427353,150.7416579617117,-1.6518546513215238
5982.0,2021,2021-07-27,Palmerston,20.2,146.4817389408284,149.37334599484535,163.0437718525755,-0.8861456248539499
5982.0,2023,2023-08-08,Palmerston,23.4,199.68139947945207,187.55129182935156,201.92314189667252,2.7346738763852376
6188.0,2019,2019-09-03,Darwin,8.4,145.32499209558824,137.74861175427353,150.7416579617117,-1.6518546513215238
6188.0,2021,2021-08-24,Darwin,3.8,151.66676467058824,151.66631587008547,164.86333925614036,-0.6379618015394775
6188.0,2023,2023-08-08,Darwin,6.4,199.68139947945207,187.55129182935156,201.92314189667252,2.7346738763852376
6566.0,2019,2019-09-03,Palmerston,16.8,145.32499209558824,137.74861175427353,150.7416579617117,-1.6518546513215238
6566.0,2021,2021-08-24,Palmerston,23.4,151.66676467058824,151.66631587008547,164.86333925614036,-0.6379618015394775
6566.0,2023,2023-08-08,Palmerston,33.6,199.68139947945207,187.55129182935156,201.92314189667252,2.7346738763852376
6807.0,2019,2019-09-03,Palmerston,6.8,145.32499209558824,137.74861175427353,150.7416579617117,-1.6518546513215238
6807.0,2021,2021-07-27,Palmerston,11.0,146.4817389408284,149.37334599484535,163.0437718525755,-0.8861456248539499
6807.0,2023,2023-07-25,Palmerston,6.8,197.37472170392158,177.6631714871795,191.8620565175439,2.0647786174478773
6808.0,2019,2019-09-03,Darwin,39.6,145.32499209558824,137.74861175427353,150.7416579617117,-1.6518546513215238
6808.0,2021,2021-07-27,Darwin,28.8,146.4817389408284,149.37334599484535,163.0437718525755,-0.8861456248539499
6808.0,2023,2023-08-01,Darwin,17.4,197.85519415882354,181.53234242564105,195.88143915614037,2.3195716409820566
6830.0,2021,2021-08-24,Darwin,14.0,151.66676467058824,151.66631587008547,164.86333925614036,-0.6379618015394775
6830.0,2023,2023-08-01,Darwin,19.4,197.85519415882354,181.53234242564105,195.88143915614037,2.3195716409820566
6949.0,2019,2019-09-03,Darwin,22.0,145.32499209558824,137.74861175427353,150.7416579617117,-1.6518546513215238
6949.0,2021,2021-08-24,Darwin,23.4,151.66676467058824,151.66631587008547,164.86333925614036,-0.6379618015394775
6949.0,2023,2023-07-25,Darwin,26.0,197.37472170392158,177.6631714871795,191.8620565175439,2.0647786174478773
6951.0,2019,2019-09-03,Palmerston,2.8,145.32499209558824,137.74861175427353,150.7416579617117,-1.6518546513215238
6951.0,2021,2021-07-27,Palmerston,8.0,146.4817389408284,149.37334599484535,163.0437718525755,-0.8861456248539499
6951.0,2023,2023-08-09,Palmerston,9.8,200.20751775976564,188.44133006132878,202.81471635839162,2.801974437068197
7123.0,2019,2019-09-03,Darwin,17.4,145.32499209558824,137.74861175427353,150.7416579617117,-1.6518546513215238
7123.0,2021,2021-07-27,Darwin,21.6,146.4817389408284,149.37334599484535,163.0437718525755,-0.8861456248539499
7123.0,2023,2023-07-25,Darwin,17.8,197.37472170392158,177.6631714871795,191.8620565175439,2.0647786174478773
7127.0,2019,2019-09-03,Palmerston,15.8,145.32499209558824,137.74861175427353,150.7416579617117,-1.6518546513215238
7127.0,2021,2021-08-24,Palmerston,9.2,151.66676467058824,151.66631587008547,164.86333925614036,-0.6379618015394775
7127.0,2023,2023-08-15,Palmerston,8.6,204.20870676254827,192.51225319561553,206.8521378062284,3.145769386649082
7128.0,2019,2019-09-03,Palmerston,1.6,145.32499209558824,137.74861175427353,150.7416579617117,-1.6518546513215238
7128.0,2021,2021-09-07,Palmerston,6.2,152.48046560795456,151.73149131301483,164.90290155912163,-0.6157329814761894
7128.0,2023,2023-08-08,Palmerston,10.8,199.68139947945207,187.55129182935156,201.92314189667252,2.7346738763852376
7129.0,2019,2019-09-03,Palmerston,5.4,145.32499209558824,137.74861175427353,150.7416579617117,-1.6518546513215238
7129.0,2021,2021-08-24,Palmerston,15.8,151.66676467058824,151.66631587008547,164.86333925614036,-0.6379618015394775
7129.0,2023,2023-07-25,Palmerston,12.4,197.37472170392158,177.6631714871795,191.8620565175439,2.0647786174478773
7130.0,2019,2019-09-03,Darwin,3.0,145.32499209558824,137.74861175427353,150.7416579617117,-1.6518546513215238
7130.0,2021,2021-08-24,Darwin,5.4,151.66676467058824,151.66631587008547,164.86333925614036,-0.6379618015394775
7130.0,2023,2023-08-01,Darwin,6.6,197.85519415882354,181.53234242564105,195.88143915614037,2.3195716409820566
7249.0,2019,2019-09-03,Darwin,45.0,145.32499209558824,137.74861175427353,150.7416579617117,-1.6518546513215238
7249.0,2021,2021-08-24,Darwin,47.6,151.66676467058824,151.66631587008547,164.86333925614036,-0.6379618015394775
7249.0,2023,2023-07-25,Darwin,26.4,197.37472170392158,177.6631714871795,191.8620565175439,2.0647786174478773
7351.0,2019,2019-09-04,Darwin,19.2,145.2851090802139,137.7176053030303,150.71350985012285,-1.6546133622850985
7351.0,2021,2021-09-07,Darwin,19.8,152.48046560795456,151.73149131301483,164.90290155912163,-0.6157329814761894
7351.0,2023,2023-07-25,Darwin,36.2,197.37472170392158,177.6631714871795,191.8620565175439,2.0647786174478773
7850.0,2023,2023-07-25,Palmerston,4.8,197.37472170392158,177.6631714871795,191.8620565175439,2.0647786174478773
7851.0,2023,2023-08-15,Palmerston,10.6,204.20870676254827,192.51225319561553,206.8521378062284,3.145769386649082
7852.0,2023,2023-08-22,Palmerston,14.2,208.30400877904762,195.29740628666667,209.5889685675214,3.411883304099284
