Count_Date,Leg1-2,Leg1-3,Leg1-4,Leg1-5,Leg2-1,Leg2-3,Leg2-4,Leg2-5,Leg3-1,Leg3-2,Leg3-4,Leg3-5,Leg4-1,Leg4-2,Leg4-3,Leg4-5,Leg5-1,Leg5-2,Leg5-3,Leg5-4,Legs,State,Trips/hour,comparison,description,electorate,latitude,leg1_enter,leg1_exit,leg1_total,leg2_enter,leg2_exit,leg2_total,leg3_enter,leg3_exit,leg3_total,leg4_enter,leg4_exit,leg4_total,leg5_enter,leg5_exit,leg5_total,longitude,not known,site_id,year
3/09/2019,0,15,0,0,16,8,0,0,18,13,0,0,0,0,0,0,0,0,0,0,3,NT,41.0,-0.054054054,"Rocklands Dr [N], Trower Rd [E], Trower Rd [W]",Darwin,-12.365103,15,34,49,24,13,37,31,23,54,0,0,0,0,0,0,130.87249,1,5484,2019
3/09/2019,0,13,24,0,0,0,6,0,6,1,28,0,0,0,2,0,0,0,0,0,4,NT,48.6,0.012658228,"Rocklands Dr [E], Roper St [S], Rocklands Dr [W], Florey Ave [N]",Darwin,-12.359174,37,6,43,6,1,7,35,15,50,2,58,60,0,0,0,130.882951,0,5485,2019
3/09/2019,2,6,0,0,8,14,0,0,9,2,0,0,0,0,0,0,0,0,0,0,3,NT,23.8,-0.327868852,"Henbury Ave [N], Tambling Tce [E], Henbury Ave [S]",Darwin,-12.365755,8,17,25,22,4,26,11,20,31,0,0,0,0,0,0,130.885704,0,5486,2019
3/09/2019,2,4,0,0,2,5,0,0,14,1,0,0,0,0,0,0,0,0,0,0,3,NT,12.4,1.545454545,"Trower Rd [E], Rothdale Rd [S], Trower Rd [W]",Darwin,-12.382667,6,16,22,7,3,10,15,9,24,0,0,0,0,0,0,130.876676,0,5487,2019
3/09/2019,1,8,9,0,2,2,12,0,8,0,4,0,2,6,1,0,0,0,0,0,4,NT,27.0,0.195652174,"Lee Point Rd [NE], Lee Point Rd [SE], Parer Dr [SW], Parer Dr [NW]",Darwin,-12.386554,18,12,30,16,7,23,12,11,23,9,25,34,0,0,0,130.886736,0,5488,2019
3/09/2019,1,0,28,0,0,5,16,0,2,2,0,1,17,8,0,0,2,0,4,3,5,NT,50.0,-0.101010101,"Stuart Hwy path [N], Stuart Hwy [NE], McMinn St [SE], Daly St [SW], McMinn St [NW]",Darwin,-12.454653,29,21,50,21,11,32,5,9,14,25,47,72,9,1,10,130.839183,1,5507,2019
24/09/2019,1,49,0,0,5,0,0,0,39,3,0,0,0,0,0,0,0,0,0,0,3,NT,54.4,-0.067307692,"Stuart Hwy/Bike Path [N], Westralia St [E], Stuart Hwy/Bike Path [S]",Darwin,-12.445064,50,44,94,5,4,9,42,49,91,0,0,0,0,0,0,130.84106,0,5508,2019
3/09/2019,2,5,0,0,0,4,5,0,4,2,2,0,1,2,3,0,0,0,0,0,4,NT,16.0,-0.117647059,"Tiger Brennan Dr [NE], Stoddart Dr [SE], Tiger Brennan Dr [SW], Woolner Rd [NW]",Darwin,-12.43842,7,5,12,9,6,15,8,12,20,6,7,13,0,0,0,130.850134,0,5509,2019
3/09/2019,40,0,2,0,25,1,8,0,0,0,0,0,3,16,1,0,0,0,0,0,4,NT,51.0,-0.172413793,"Stuart Hwy [E], Stuart Hwy [SW], Stokes St [W], Parap Rd [N]",Darwin,-12.435826,42,28,70,34,56,90,0,2,2,20,10,30,0,0,0,130.843351,4,5510,2019
3/09/2019,68,0,0,0,0,0,0,0,0,0,0,0,0,18,10,0,0,0,0,0,4,NT,53.6,0.230769231,"Stuart Hwy [NE], Snell St [SE], Stuart Hwy [SW], Bagot Rd [N]",Darwin,-12.429357,68,0,68,0,86,86,0,10,10,28,0,28,0,0,0,130.856979,0,5512,2019
3/09/2019,36,3,0,0,15,0,0,0,1,2,0,0,0,0,0,0,0,0,0,0,3,NT,25.4,-0.080645161,"Bagot Rd [N], Bagot Rd [S], Fitzer Dr [W]",Darwin,-12.410494,39,16,55,15,38,53,3,3,6,0,0,0,0,0,0,130.856116,0,5513,2019
3/09/2019,16,0,0,0,0,0,15,0,0,4,4,0,0,17,4,0,0,0,0,0,4,NT,28.2,0.578947368,"Osgood Dr [E], Bagot Rd [S], Totem Rd [W], Bagot Rd [N]",Darwin,-12.402638,16,0,16,15,37,52,8,4,12,21,19,40,0,0,0,130.856105,0,5514,2019
3/09/2019,1,13,1,0,1,4,0,0,18,4,0,0,0,1,1,0,0,0,0,0,4,NT,23.6,0.466666667,"Bagot Rd [N], Old McMillans Rd [E], Bagot Rd [S], Old McMillans Rd [W]",Darwin,-12.395324,15,19,34,5,6,11,22,18,40,2,1,3,0,0,0,130.856016,1,5515,2019
3/09/2019,5,9,0,0,2,1,0,0,11,1,0,0,0,0,0,0,0,0,0,0,3,NT,15.0,-0.30952381,"Trower Rd [NE], Sabine Rd [SE], Trower Rd [SW]",Darwin,-12.387763,14,13,27,3,6,9,12,10,22,0,0,0,0,0,0,130.858441,0,5516,2019
3/09/2019,37,4,0,0,9,2,0,0,0,2,0,0,0,0,0,0,0,0,0,0,3,NT,26.4,0.018867925,"McMillans Rd [E], McMillans Rd [SW], Sabine Rd [NW]",Darwin,-12.39561,41,9,50,11,39,50,2,6,8,0,0,0,0,0,0,130.862539,0,5517,2019
3/09/2019,0,21,16,0,5,0,7,0,11,0,1,0,14,7,1,0,0,0,0,0,4,NT,43.2,-0.06741573,"Trower Rd [E], Rapid Creek Rd [S], Trower Rd [W], Rapid Creek Rd [N]",Darwin,-12.385471,37,30,67,12,7,19,12,22,34,22,24,46,0,0,0,130.864514,0,5518,2019
3/09/2019,1,11,0,0,9,15,0,0,13,1,0,0,1,0,0,0,0,0,0,0,4,NT,24.0,0.307692308,"Trower Rd [N], Vanderlin Dr [E], Trower Rd [S], Casuarina Shops [W]",Darwin,-12.375801,12,23,35,24,2,26,14,26,40,1,0,1,0,0,0,130.88271,1,5519,2019
3/09/2019,6,6,4,0,1,1,4,0,4,3,2,0,1,5,6,0,0,0,0,0,4,NT,24.4,0.131578947,"Lee Point Rd [N], Vanderlin Dr [E], Lee Point Rd [S], Vanderlin Rd [W]",Darwin,-12.377512,16,6,22,6,14,20,9,13,22,12,10,22,0,0,0,130.890756,3,5520,2019
3/09/2019,2,18,0,0,0,3,0,0,15,8,0,0,0,0,0,0,0,0,0,0,3,NT,21.0,0.916666667,"Vanderlin Dr/Bike Path [SE], Mueller Rd [SW], Vanderlin Dr/Bike Path [NW]",Darwin,-12.390698,20,15,35,3,10,13,23,21,44,0,0,0,0,0,0,130.911463,0,5521,2019
3/09/2019,7,5,3,0,7,3,19,0,2,0,1,0,7,7,11,0,0,0,0,0,4,NT,26.4,0.8,"Vanderlin Dr [N], McMillans Rd [SE], Vanderlin Dr [S], McMillans Rd [NW]",Darwin,-12.410151,15,16,31,29,14,43,3,19,22,25,23,48,0,0,0,130.922994,1,5523,2019
3/09/2019,1,36,1,0,0,0,1,0,12,0,1,0,4,4,0,0,0,0,0,0,4,NT,27.8,0.0,"McMillans Rd [E], Charles Eaton Dr [SE], McMillans Rd [W], Rapid Crk Cyclepath [NW]",Darwin,-12.395447,38,16,54,1,5,6,13,36,49,8,3,11,0,0,0,130.871723,4,5524,2019
3/09/2019,5,3,8,0,1,0,31,0,1,0,0,0,3,13,0,0,0,0,0,0,4,NT,25.8,0.710526316,"Rothdale Rd [N], McMillans Rd [E], Henry Wrigley Dr [S], McMillans Rd [W]",Darwin,-12.395413,16,5,21,32,18,50,1,3,4,16,39,55,0,0,0,130.878263,0,5525,2019
3/09/2019,3,4,1,0,1,0,26,0,1,0,1,0,2,12,1,0,0,0,0,0,4,NT,22.6,-0.018867925,"Lee Point Rd [N], McMillans Rd [E], Marrara Dr [S], McMillans Rd [W]",Darwin,-12.39541,8,4,12,27,15,42,2,5,7,15,28,43,0,0,0,130.882965,0,5526,2019
24/09/2019,3,0,6,0,1,0,23,0,0,0,0,0,0,24,0,0,0,0,0,0,4,NT,27.6,0.5,"Amy Johnson Ave [N], Stuart Hwy [E], Amy Johnson Ave [SW], Stuart Hwy [W]",Darwin,-12.427641,9,1,10,24,27,51,0,0,0,24,29,53,0,0,0,130.907681,2,5527,2019
24/09/2019,0,6,1,0,2,5,7,0,1,0,0,0,2,12,1,0,0,0,0,0,4,NT,18.6,-0.229166667,"Vanderlin Dr [N], Stuart Hwy [E], Berrimah Rd [S], Stuart Hwy [W]",Darwin,-12.433465,7,5,12,14,12,26,1,12,13,15,8,23,0,0,0,130.923379,1,5528,2019
3/09/2019,23,10,0,0,19,18,0,0,22,23,0,0,0,0,0,0,0,0,0,0,3,NT,59.8,0.402439024,"Dick Ward Dr [E], East point Rd/Bike Path [S], East Point Rd/Bike Path [NW]",Darwin,-12.424536,33,41,74,37,46,83,45,28,73,0,0,0,0,0,0,130.835473,11,5585,2019
3/09/2019,1,35,0,0,2,4,0,0,71,33,0,0,0,0,0,0,0,0,0,0,3,NT,82.4,-0.020134228,"Casuarina Foreshore Path [N], Casuarina Foreshore Path [E], Casuarina Foreshore Path [S]",Darwin,-12.371739,36,73,109,6,34,40,104,39,143,0,0,0,0,0,0,130.863139,1,5981,2019
3/09/2019,0,1,0,0,1,2,0,0,12,2,0,0,0,0,0,0,0,0,0,0,3,NT,8.4,0.058823529,"Rothdale Rd [S], Freshwater Rd [W], Rothdale Rd [N]",Darwin,-12.391632,1,13,14,3,2,5,14,3,17,0,0,0,0,0,0,130.877968,0,6188,2019
3/09/2019,25,22,0,0,7,7,0,0,0,3,0,0,0,0,0,0,0,0,0,0,3,NT,39.6,0.28,"Lee Point Rd [N], Lee Point Rd [S], Tambling Tce [W]",Darwin,-12.366516,47,7,54,14,28,42,3,29,32,0,0,0,0,0,0,130.892152,1,6808,2019
3/09/2019,0,9,14,0,0,8,3,2,1,3,0,0,2,0,0,0,1,1,2,0,5,NT,22.0,0.277777778,"Tiger Brennan Drive north bound [N], Frances Bay Drive north bound [NE], Frances Bay Drive south bound [S], Tiger Brennan Drive south bound [SW], Dinah Beach Rd [W]",Darwin,-12.45294,23,4,27,13,4,17,4,19,23,2,17,19,4,2,6,130.847549,0,6949,2019
3/09/2019,7,10,0,0,8,5,0,0,6,2,0,0,0,0,0,0,0,0,0,0,3,NT,17.4,0.027027027,"Dripstone Rd [SE], Lakeside Dr [SW], Dripstone Rd [NW]",Darwin,-12.374524,17,14,31,13,9,22,8,15,23,0,0,0,0,0,0,130.87454,0,7123,2019
3/09/2019,0,3,0,0,0,0,0,0,1,0,0,0,0,1,0,0,0,0,0,0,4,NT,3.0,0.0,"Berrimah Rd [N], Tiger Brennan Dr [E], Berrimah Rd [S], Tiger Brennan Dr [W]",Darwin,-12.45,3,1,4,0,1,1,1,3,4,1,0,1,0,0,0,130.9235,0,7130,2019
3/09/2019,2,5,7,0,1,0,26,0,6,3,7,0,16,8,3,0,0,0,0,0,4,NT,45.0,0.423728814,"Fox Cr [NE], Nightcliff Rd [SE], Camphor St [SW], Nightcliff Rd [NW]",Darwin,-12.382654,14,23,37,27,13,40,16,8,24,27,40,67,0,0,0,130.853932,1,7249,2019
4/09/2019,17,0,2,0,3,0,8,0,0,0,0,0,2,7,0,0,0,0,0,0,4,NT,19.2,0.0,"Garramilla Blvd [NE], McMinn St [SE], Garramilla Blvd [SW], McMinn St [NW]",Darwin,-12.458133,19,5,24,11,24,35,0,0,0,9,10,19,0,0,0,130.8427,0,7351,2019
3/09/2019,11,3,0,0,14,20,0,0,8,9,0,0,0,0,0,0,0,0,0,0,3,NT,30.6,1.03125,"McMillans Rd [NE], Stuart Hwy [SE], Stuart Hwy [NW]",Palmerston,-12.444442,14,22,36,34,20,54,17,23,40,0,0,0,0,0,0,130.952575,0,5500,2019
3/09/2019,0,8,0,0,0,7,0,0,2,5,0,0,0,0,0,0,0,0,0,0,3,NT,11.2,0.222222222,"Roystonea Ave [SE], University Ave [SW], Roystonea Ave [NW]",Palmerston,-12.475906,8,2,10,7,5,12,7,15,22,0,0,0,0,0,0,130.985374,0,5501,2019
3/09/2019,4,5,0,0,1,4,6,0,3,2,0,0,1,15,0,0,0,0,0,0,4,NT,21.2,-0.023809524,"Roystonea Ave [N], Lambrick Ave [E], Roystonea Ave [S], Lambrick Ave [W]",Palmerston,-12.502173,9,5,14,11,21,32,5,9,14,16,6,22,0,0,0,130.998955,0,5982,2019
3/09/2019,0,0,0,0,0,6,5,0,3,1,6,0,0,4,5,0,0,0,0,0,4,NT,16.8,0.034482759,"Lambrick Ave [E], Zuccoli Pde [S], Lambrick Ave [W], Farrar Blvd [N]",Palmerston,-12.501095,0,3,3,11,5,16,10,11,21,9,11,20,0,0,0,131.006133,1,6566,2019
3/09/2019,0,1,1,0,0,0,4,0,2,1,6,0,0,3,0,0,0,0,0,0,4,NT,6.8,0.058823529,"Temple Tce [NE], Roystonea Ave/Footpath [SE], Temple Tce/Footpath [SW], Roystonea Ave/Footpath [NW]",Palmerston,-12.479334,2,2,4,4,4,8,9,1,10,3,11,14,0,0,0,130.988479,1,6807,2019
3/09/2019,0,1,0,0,5,0,1,0,2,0,0,0,0,0,0,0,0,0,0,0,4,NT,2.8,-0.181818182,"Temple Terrace [NE], Farrar Boulevard [SE], Temple Terrace [SW], Toupein Road [NW]",Palmerston,-12.476771,1,7,8,6,0,6,2,1,3,0,1,1,0,0,0,130.99263,0,6951,2019
3/09/2019,2,1,1,0,13,0,6,0,4,3,3,0,0,1,1,0,0,0,0,0,4,NT,15.8,0.4,"Yarrawonga Rd [NE], Roystonea Ave [SE], Packard Ave [W], Roystonea Ave [NW]",Palmerston,-12.473,4,17,21,19,6,25,10,2,12,2,10,12,0,0,0,130.983,0,7127,2019
3/09/2019,2,0,0,0,1,0,0,0,1,0,0,0,0,0,0,0,0,0,0,0,3,NT,1.6,-0.5,"University Ave [E], Elrundie Ave [S], Kirkland Rd [W]",Palmerston,-12.481,2,2,4,1,2,3,1,0,1,0,0,0,0,0,0,130.97,0,7128,2019
3/09/2019,0,0,0,0,0,0,6,0,2,2,3,0,0,0,5,0,0,0,0,0,4,NT,5.4,0.125,"Howard Springs Rd [NE], Howard Springs shared path [SE], Howard Springs Rd [SW], Howard Springs shared path [NW]",Palmerston,-12.493,0,2,2,6,2,8,7,5,12,5,9,14,0,0,0,131.019,5,7129,2019
3/09/2019,3,21,14,0,10,5,2,0,33,7,0,0,11,1,0,0,0,0,0,0,4,NT,59.8,-0.189393939,"Casuarina Dr/Shared Path [E], Nightcliff Rd [SE], Casuarina Dr/Shared Path [SW], Foreshore Shared Path [W]",Darwin,-12.376827,38,54,92,17,11,28,40,26,66,12,16,28,0,0,0,130.849571,0,5480,2019
3/09/2019,3,4,0,0,5,20,0,0,1,20,0,0,0,0,0,0,0,0,0,0,3,NT,24.8,-0.053571429,"Progress Dr [E], Dick Ward Dr [S], Progress Dr [W]",Darwin,-12.387972,7,6,13,25,23,48,21,24,45,0,0,0,0,0,0,130.852268,1,5478,2019
3/09/2019,1,59,0,0,0,2,0,0,26,0,0,0,0,0,0,0,0,0,0,0,3,NT,48.8,0.257142857,"Dick Ward Dr [N], Fitzer Dr [E], Dick Ward Dr [S]",Darwin,-12.410053,60,26,86,2,1,3,26,61,87,0,0,0,0,0,0,130.8505,1,5477,2019
3/09/2019,10,48,0,0,1,0,0,0,31,0,0,0,0,0,0,0,0,0,0,0,3,NT,48.4,0.25,"Dick Ward Dr [NE], Douglas St [SE], Dick Ward Dr [SW]",Darwin,-12.42052,58,32,90,1,10,11,31,48,79,0,0,0,0,0,0,130.847323,0,5476,2019
3/09/2019,7,36,0,0,6,13,0,0,20,19,0,0,0,0,0,0,0,0,0,0,3,NT,55.6,0.24691358,"Dick Ward Dr [E], Ross Smith Ave [SE], Ross Smith Ave [W]",Darwin,-12.424494,43,26,69,19,26,45,39,49,88,0,0,0,0,0,0,130.838362,0,5475,2019
3/09/2019,14,4,0,0,1,26,0,0,9,32,0,0,0,0,0,0,0,0,0,0,3,NT,49.8,-0.054945055,"Gregory St [E], East Point Rd [S], East Point Rd [N]",Darwin,-12.432258,18,10,28,27,46,73,41,30,71,0,0,0,0,0,0,130.837681,86,5474,2019
3/09/2019,1,30,7,0,2,5,26,0,14,2,17,0,0,1,1,0,0,0,0,0,4,NT,60.8,-0.131147541,"East Point Rd [N], Goyder Rd [E], Gilruth Ave [SW], Goyder Rd [W]",Darwin,-12.438015,38,16,54,33,4,37,33,36,69,2,50,52,0,0,0,130.837831,5,5473,2019
3/09/2019,0,2,9,0,0,10,11,0,2,3,1,0,13,4,0,0,1,0,0,0,5,NT,31.6,0.166666667,"Atkins Dr [N], Gilruth Ave [NE], Gardens Rd [SE], Gilruth Ave [S], Maria Liveris Dr [SW]",Darwin,-12.444327,11,16,27,21,7,28,6,12,18,17,21,38,1,0,1,130.834038,3,5472,2019
3/09/2019,5,13,1,0,3,1,3,0,7,0,1,0,7,4,2,0,0,0,0,0,4,NT,25.0,-0.253968254,"Gilruth Ave [N], Smith St [SE], Lambell Tce [SW], Kahlin Ave [NW]",Darwin,-12.452352,19,17,36,7,9,16,8,16,24,13,5,18,0,0,0,130.830522,1,5471,2019
24/09/2019,20,24,1,0,5,1,4,0,8,1,1,0,4,15,2,0,0,0,0,0,4,NT,48.4,-0.011494253,"Daly St [NE], Cavenagh St [SE], Daly St [SW], Gardens Rd [NW]",Darwin,-12.456674,45,17,62,10,36,46,10,27,37,21,6,27,0,0,0,130.837168,1,5470,2019
3/09/2019,14,10,5,0,1,1,5,0,6,0,2,0,7,22,6,0,0,0,0,0,4,NT,42.0,-0.05952381,"Daly St [NE], Smith St [SE], Daly St [SW], Smith St [NW]",Darwin,-12.457703,29,14,43,7,36,43,8,17,25,35,12,47,0,0,0,130.836128,1,5469,2019
3/09/2019,5,7,4,0,1,0,4,0,1,1,10,0,5,18,29,0,0,0,0,0,4,NT,44.8,-0.04494382,"Daly St [NE], Mitchell St [SE], Daly St [SW], Mitchell St [NW]",Darwin,-12.458635,16,7,23,5,24,29,12,36,48,52,18,70,0,0,0,130.835209,10,5468,2019
3/09/2019,4,1,0,0,1,7,0,0,3,37,0,0,0,0,0,0,0,0,0,0,3,NT,23.0,-0.070175439,"Peel St [NE], Esplanade [SE], Esplanade [NW]",Darwin,-12.463135,5,4,9,8,41,49,40,8,48,0,0,0,0,0,0,130.837902,0,5467,2019
3/09/2019,17,26,0,0,21,17,0,0,81,7,0,0,0,0,0,0,0,0,0,0,3,NT,96.0,-0.137755102,"Rapid Creek Path Bridge [N], Foreshore Path [SE], Foreshore Path [W]",Darwin,-12.376238,43,102,145,38,24,62,88,43,131,0,0,0,0,0,0,130.860332,1,5483,2019
3/09/2019,9,8,0,0,7,18,0,0,11,9,0,0,0,0,0,0,0,0,0,0,3,NT,33.6,0.24,"Chapman Rd [NE], Nightcliff Rd [SE], Nightcliff Rd [NW]",Darwin,-12.384294,17,18,35,25,18,43,20,26,46,0,0,0,0,0,0,130.855426,0,5482,2019
3/09/2019,3,12,0,0,9,1,4,0,7,1,2,0,0,7,3,0,0,0,0,0,4,NT,25.2,0.484848485,"Rossiter St [NE], Ryland Rd [SE], Rossiter St [SW], Ryland Rd [NW]",Darwin,-12.380754,15,16,31,14,11,25,10,16,26,10,6,16,0,0,0,130.85885,1,5481,2019
27/07/2021,1,1,0,0,0,5,0,0,1,21,0,0,0,0,0,0,0,0,0,0,3,NT,14.4,-0.452830189,"Peel St [NE], Esplanade [SE], Esplanade [NW]",Darwin,-12.463135,2,1,3,5,22,27,22,6,28,0,0,0,0,0,0,130.837902,0,5467,2021
27/07/2021,7,8,5,0,1,0,2,0,3,0,7,0,2,10,7,0,0,0,0,0,4,NT,29.4,-0.388235294,"Daly St [NE], Mitchell St [SE], Daly St [SW], Mitchell St [NW]",Darwin,-12.458635,20,6,26,3,17,20,10,15,25,19,14,33,0,0,0,130.835209,0,5468,2021
27/07/2021,5,16,11,0,1,4,7,0,1,2,0,0,3,29,5,0,0,0,0,0,4,NT,44.8,0.063291139,"Daly St [NE], Smith St [SE], Daly St [SW], Smith St [NW]",Darwin,-12.457703,32,5,37,12,36,48,3,25,28,37,18,55,0,0,0,130.836128,1,5469,2021
27/07/2021,9,26,0,0,2,0,4,0,3,4,1,0,2,16,5,0,0,0,0,0,4,NT,38.8,-0.162790698,"Daly St [NE], Cavenagh St [SE], Daly St [SW], Gardens Rd [NW]",Darwin,-12.456674,35,7,42,6,29,35,8,31,39,23,5,28,0,0,0,130.837168,1,5470,2021
27/07/2021,9,10,1,0,12,0,5,0,5,2,2,0,11,5,1,0,0,0,0,0,4,NT,34.4,0.340425532,"Gilruth Ave [N], Smith St [SE], Lambell Tce [SW], Kahlin Ave [NW]",Darwin,-12.452352,20,28,48,17,16,33,9,11,20,17,8,25,0,0,0,130.830522,0,5471,2021
27/07/2021,1,8,7,0,3,4,8,0,5,0,2,0,0,3,0,0,0,0,0,0,4,NT,18.0,-0.254545455,"Lee Point Rd [NE], Lee Point Rd [SE], Parer Dr [SW], Parer Dr [NW]",Darwin,-12.386554,16,8,24,15,4,19,7,12,19,3,17,20,0,0,0,130.886736,0,5488,2021
27/07/2021,1,4,0,0,3,0,0,0,7,1,0,0,0,0,0,0,0,0,0,0,3,NT,7.4,-0.428571429,"Trower Rd [E], Rothdale Rd [S], Trower Rd [W]",Darwin,-12.382667,5,10,15,3,2,5,8,4,12,0,0,0,0,0,0,130.876676,0,5487,2021
27/07/2021,5,4,0,0,30,7,0,0,9,2,0,0,0,0,0,0,0,0,0,0,3,NT,29.6,0.390243902,"Henbury Ave [N], Tambling Tce [E], Henbury Ave [S]",Darwin,-12.365755,9,39,48,37,7,44,11,11,22,0,0,0,0,0,0,130.885704,0,5486,2021
27/07/2021,0,11,25,0,2,3,1,0,5,1,23,0,1,0,1,0,0,0,0,0,4,NT,40.6,-0.0875,"Rocklands Dr [E], Roper St [S], Rocklands Dr [W], Florey Ave [N]",Darwin,-12.359174,36,8,44,6,1,7,29,15,44,2,49,51,0,0,0,130.882951,0,5485,2021
27/07/2021,4,13,0,0,4,7,0,0,15,14,0,0,0,0,0,0,0,0,0,0,3,NT,32.0,-0.185714286,"Rocklands Dr [N], Trower Rd [E], Trower Rd [W]",Darwin,-12.365103,17,19,36,11,18,29,29,20,49,0,0,0,0,0,0,130.87249,0,5484,2021
27/07/2021,17,30,0,0,40,33,0,0,71,25,0,0,0,0,0,0,0,0,0,0,3,NT,123.0,0.278106509,"Rapid Creek Path Bridge [N], Foreshore Path [SE], Foreshore Path [W]",Darwin,-12.376238,47,111,158,73,42,115,96,63,159,0,0,0,0,0,0,130.860332,0,5483,2021
27/07/2021,3,4,0,0,6,18,0,0,6,12,0,0,0,0,0,0,0,0,0,0,3,NT,28.2,-0.209677419,"Chapman Rd [NE], Nightcliff Rd [SE], Nightcliff Rd [NW]",Darwin,-12.384294,7,12,19,24,15,39,18,22,40,0,0,0,0,0,0,130.855426,0,5482,2021
24/08/2021,0,5,3,0,5,3,6,0,13,0,0,0,2,2,0,0,0,0,0,0,4,NT,21.2,-0.204081633,"Rossiter St [NE], Ryland Rd [SE], Rossiter St [SW], Ryland Rd [NW]",Darwin,-12.380754,8,20,28,14,2,16,13,8,21,4,9,13,0,0,0,130.85885,0,5481,2021
27/07/2021,3,29,15,0,7,0,2,0,33,6,0,0,23,4,0,0,0,0,0,0,4,NT,67.0,0.140186916,"Casuarina Dr/Shared Path [E], Nightcliff Rd [SE], Casuarina Dr/Shared Path [SW], Foreshore Shared Path [W]",Darwin,-12.376827,47,63,110,9,13,22,39,29,68,27,17,44,0,0,0,130.849571,0,5480,2021
27/07/2021,14,4,0,0,17,28,0,0,8,28,0,0,0,0,0,0,0,0,0,0,3,NT,49.6,0.867924528,"Progress Dr [E], Dick Ward Dr [S], Progress Dr [W]",Darwin,-12.387972,18,25,43,45,42,87,36,32,68,0,0,0,0,0,0,130.852268,0,5478,2021
24/08/2021,1,62,0,0,1,3,0,0,41,2,0,0,0,0,0,0,0,0,0,0,3,NT,58.6,0.25,"Dick Ward Dr [N], Fitzer Dr [E], Dick Ward Dr [S]",Darwin,-12.410053,63,42,105,4,3,7,43,65,108,0,0,0,0,0,0,130.8505,0,5477,2021
24/08/2021,7,52,0,0,6,3,0,0,35,3,0,0,0,0,0,0,0,0,0,0,3,NT,57.0,0.177777778,"Dick Ward Dr [NE], Douglas St [SE], Dick Ward Dr [SW]",Darwin,-12.42052,59,41,100,9,10,19,38,55,93,0,0,0,0,0,0,130.847323,0,5476,2021
27/07/2021,7,45,0,0,11,17,0,0,31,24,0,0,0,0,0,0,0,0,0,0,3,NT,71.0,0.336633663,"Dick Ward Dr [E], Ross Smith Ave [SE], Ross Smith Ave [W]",Darwin,-12.424494,52,42,94,28,31,59,55,62,117,0,0,0,0,0,0,130.838362,0,5475,2021
27/07/2021,18,1,0,0,0,15,0,0,3,53,0,0,0,0,0,0,0,0,0,0,3,NT,48.0,0.046511628,"Gregory St [E], East Point Rd [S], East Point Rd [N]",Darwin,-12.432258,19,3,22,15,71,86,56,16,72,0,0,0,0,0,0,130.837681,0,5474,2021
27/07/2021,3,27,12,0,1,1,15,0,10,0,22,0,2,0,0,0,0,0,0,0,4,NT,55.0,-0.122641509,"East Point Rd [N], Goyder Rd [E], Gilruth Ave [SW], Goyder Rd [W]",Darwin,-12.438015,42,13,55,17,3,20,32,28,60,2,49,51,0,0,0,130.837831,1,5473,2021
24/08/2021,2,2,8,3,0,9,7,0,4,8,0,0,3,16,0,0,4,0,0,0,5,NT,40.8,0.178571429,"Atkins Dr [N], Gilruth Ave [NE], Gardens Rd [SE], Gilruth Ave [S], Maria Liveris Dr [SW]",Darwin,-12.444327,15,11,26,16,26,42,12,11,23,19,15,34,4,3,7,130.834038,0,5472,2021
27/07/2021,0,0,22,1,0,5,26,0,1,1,0,0,4,7,0,0,3,0,1,5,5,NT,39.4,-0.146067416,"Stuart Hwy path [N], Stuart Hwy [NE], McMinn St [SE], Daly St [SW], McMinn St [NW]",Darwin,-12.454653,23,8,31,31,8,39,2,6,8,11,53,64,9,1,10,130.839183,0,5507,2021
27/07/2021,3,51,0,0,11,4,0,0,29,2,0,0,0,0,0,0,0,0,0,0,3,NT,50.4,0.030927835,"Stuart Hwy/Bike Path [N], Westralia St [E], Stuart Hwy/Bike Path [S]",Darwin,-12.445064,54,40,94,15,5,20,31,55,86,0,0,0,0,0,0,130.84106,4,5508,2021
24/08/2021,3,0,3,0,2,4,4,0,2,2,0,0,7,2,0,0,0,0,0,0,4,NT,15.4,-0.033333333,"Tiger Brennan Dr [NE], Stoddart Dr [SE], Tiger Brennan Dr [SW], Woolner Rd [NW]",Darwin,-12.43842,6,11,17,10,7,17,4,4,8,9,7,16,0,0,0,130.850134,2,5509,2021
27/07/2021,38,1,0,0,17,0,6,0,4,0,0,0,0,15,4,0,0,0,0,0,4,NT,44.2,-0.114583333,"Stuart Hwy [E], Stuart Hwy [SW], Stokes St [W], Parap Rd [N]",Darwin,-12.435826,39,21,60,23,53,76,4,5,9,19,6,25,0,0,0,130.843351,14,5510,2021
24/08/2021,31,0,0,0,15,1,0,0,0,5,0,0,0,0,0,0,0,0,0,0,3,NT,26.8,0.0,"Stuart Hwy [NE], Stuart Hwy [SW], Ross Smith Ave [NW]",Darwin,-12.432985,31,15,46,16,36,52,5,1,6,0,0,0,0,0,0,130.849083,11,5511,2021
24/08/2021,1,5,3,0,1,1,0,0,13,0,2,0,5,14,24,0,0,0,0,0,4,NT,30.6,-0.28125,"Stuart Hwy [NE], Snell St [SE], Stuart Hwy [SW], Bagot Rd [N]",Darwin,-12.429357,9,19,28,2,15,17,15,30,45,43,5,48,0,0,0,130.856979,0,5512,2021
24/08/2021,29,2,0,0,13,1,0,0,1,4,0,0,0,0,0,0,0,0,0,0,3,NT,20.4,-0.122807018,"Bagot Rd [N], Bagot Rd [S], Fitzer Dr [W]",Darwin,-12.410494,31,14,45,14,33,47,5,3,8,0,0,0,0,0,0,130.856116,1,5513,2021
24/08/2021,0,0,0,0,0,1,13,0,0,0,5,0,0,14,1,0,0,0,0,0,4,NT,18.6,-0.433333333,"Osgood Dr [E], Bagot Rd [S], Totem Rd [W], Bagot Rd [N]",Darwin,-12.402638,0,0,0,14,14,28,5,2,7,15,18,33,0,0,0,130.856105,0,5514,2021
27/07/2021,0,7,0,0,0,4,2,0,13,1,1,0,0,2,0,0,0,0,0,0,4,NT,14.0,-0.318181818,"Bagot Rd [N], Old McMillans Rd [E], Bagot Rd [S], Old McMillans Rd [W]",Darwin,-12.395324,7,13,20,6,3,9,15,11,26,2,3,5,0,0,0,130.856016,0,5515,2021
27/07/2021,3,9,0,0,1,1,0,0,10,1,0,0,0,0,0,0,0,0,0,0,3,NT,15.0,-0.137931034,"Trower Rd [NE], Sabine Rd [SE], Trower Rd [SW]",Darwin,-12.387763,12,11,23,2,4,6,11,10,21,0,0,0,0,0,0,130.858441,1,5516,2021
27/07/2021,27,2,0,0,6,1,0,0,3,3,0,0,0,0,0,0,0,0,0,0,3,NT,18.4,-0.222222222,"McMillans Rd [E], McMillans Rd [SW], Sabine Rd [NW]",Darwin,-12.39561,29,9,38,7,30,37,6,3,9,0,0,0,0,0,0,130.862539,0,5517,2021
27/07/2021,2,9,25,0,2,0,4,0,14,2,4,0,15,4,1,0,0,0,0,0,4,NT,46.8,-0.012048193,"Trower Rd [E], Rapid Creek Rd [S], Trower Rd [W], Rapid Creek Rd [N]",Darwin,-12.385471,36,31,67,6,8,14,20,10,30,20,33,53,0,0,0,130.864514,1,5518,2021
27/07/2021,7,0,7,0,4,0,11,0,0,0,0,0,2,6,3,0,0,0,0,0,4,NT,17.8,-0.215686275,"Trower Rd [N], Vanderlin Dr [E], Trower Rd [S], Casuarina Shops [W]",Darwin,-12.375801,14,6,20,15,13,28,0,3,3,11,18,29,0,0,0,130.88271,2,5519,2021
27/07/2021,5,7,8,0,6,6,2,0,4,1,5,0,3,4,1,0,0,0,0,0,4,NT,30.6,0.209302326,"Lee Point Rd [N], Vanderlin Dr [E], Lee Point Rd [S], Vanderlin Rd [W]",Darwin,-12.377512,20,13,33,14,10,24,10,14,24,8,15,23,0,0,0,130.890756,0,5520,2021
7/09/2021,0,7,0,0,0,2,0,0,12,1,0,0,0,0,0,0,0,0,0,0,3,NT,11.8,-0.52173913,"Vanderlin Dr/Bike Path [SE], Mueller Rd [SW], Vanderlin Dr/Bike Path [NW]",Darwin,-12.390698,7,12,19,2,1,3,13,9,22,0,0,0,0,0,0,130.911463,0,5521,2021
27/07/2021,9,4,2,0,5,2,0,0,0,0,4,0,1,4,7,0,0,0,0,0,4,NT,23.8,-0.472222222,"Vanderlin Dr [N], McMillans Rd [SE], Vanderlin Dr [S], McMillans Rd [NW]",Darwin,-12.410151,15,6,21,7,13,20,4,13,17,12,6,18,0,0,0,130.922994,3,5523,2021
27/07/2021,0,5,0,0,0,7,0,0,0,2,0,0,0,0,0,0,0,0,0,0,3,NT,8.0,-0.363636364,"Roystonea Ave [SE], University Ave [SW], Roystonea Ave [NW]",Palmerston,-12.475906,5,0,5,7,2,9,2,12,14,0,0,0,0,0,0,130.985374,0,5501,2021
7/09/2021,1,21,6,0,0,0,1,0,6,0,1,0,0,2,2,0,0,0,0,0,4,NT,19.8,0.025641026,"Garramilla Blvd [NE], McMinn St [SE], Garramilla Blvd [SW], McMinn St [NW]",Darwin,-12.458133,28,6,34,1,3,4,7,23,30,4,8,12,0,0,0,130.8427,0,7351,2021
24/08/2021,2,5,8,0,7,1,20,0,22,0,4,0,13,7,2,0,0,0,0,0,4,NT,47.6,0.083333333,"Fox Cr [NE], Nightcliff Rd [SE], Camphor St [SW], Nightcliff Rd [NW]",Darwin,-12.382654,15,42,57,28,9,37,26,8,34,22,32,54,0,0,0,130.853932,0,7249,2021
24/08/2021,0,2,2,0,1,0,1,0,3,0,0,0,1,1,1,0,0,0,0,0,4,NT,5.4,1.4,"Berrimah Rd [N], Tiger Brennan Dr [E], Berrimah Rd [S], Tiger Brennan Dr [W]",Darwin,-12.45,4,5,9,2,1,3,3,3,6,3,3,6,0,0,0,130.9235,0,7130,2021
27/07/2021,2,11,0,0,7,6,0,0,10,3,0,0,0,0,0,0,0,0,0,0,3,NT,21.6,0.026315789,"Dripstone Rd [SE], Lakeside Dr [SW], Dripstone Rd [NW]",Darwin,-12.374524,13,17,30,13,5,18,13,17,30,0,0,0,0,0,0,130.87454,0,7123,2021
24/08/2021,0,6,14,0,0,4,3,0,3,5,1,1,5,0,0,0,1,0,0,0,5,NT,23.4,-0.065217391,"Tiger Brennan Drive north bound [N], Frances Bay Drive north bound [NE], Frances Bay Drive south bound [S], Tiger Brennan Drive south bound [SW], Dinah Beach Rd [W]",Darwin,-12.45294,20,9,29,7,5,12,10,10,20,5,18,23,1,1,2,130.847549,0,6949,2021
24/08/2021,6,4,0,0,9,4,0,0,5,1,0,0,0,0,0,0,0,0,0,0,3,NT,14.0,0.0,"Trower Rd [N], Trower Rd [S], Dripstone Rd [W]",Darwin,-12.377574,10,14,24,13,7,20,6,8,14,0,0,0,0,0,0,130.88217,0,6830,2021
27/07/2021,21,5,0,0,8,12,0,0,1,5,0,0,0,0,0,0,0,0,0,0,3,NT,28.8,-0.1875,"Lee Point Rd [N], Lee Point Rd [S], Tambling Tce [W]",Darwin,-12.366516,26,9,35,20,26,46,6,17,23,0,0,0,0,0,0,130.892152,0,6808,2021
24/08/2021,0,2,0,0,1,0,0,0,5,0,0,0,0,0,0,0,0,0,0,0,3,NT,3.8,-0.555555556,"Rothdale Rd [S], Freshwater Rd [W], Rothdale Rd [N]",Darwin,-12.391632,2,6,8,1,0,1,5,2,7,0,0,0,0,0,0,130.877968,0,6188,2021
27/07/2021,0,29,0,0,2,5,0,0,77,34,0,0,0,0,0,0,0,0,0,0,3,NT,86.6,0.006849315,"Casuarina Foreshore Path [N], Casuarina Foreshore Path [E], Casuarina Foreshore Path [S]",Darwin,-12.371739,29,79,108,7,34,41,111,34,145,0,0,0,0,0,0,130.863139,2,5981,2021
27/07/2021,46,22,0,0,14,14,0,0,27,23,0,0,0,0,0,0,0,0,0,0,3,NT,75.6,0.269565217,"Dick Ward Dr [E], East point Rd/Bike Path [S], East Point Rd/Bike Path [NW]",Darwin,-12.424536,68,41,109,28,69,97,50,36,86,0,0,0,0,0,0,130.835473,0,5585,2021
27/07/2021,1,7,4,0,3,1,14,0,1,1,1,0,2,12,3,0,0,0,0,0,4,NT,26.6,0.351351351,"Vanderlin Dr [N], Stuart Hwy [E], Berrimah Rd [S], Stuart Hwy [W]",Darwin,-12.433465,12,6,18,18,14,32,3,11,14,17,19,36,0,0,0,130.923379,0,5528,2021
24/08/2021,4,0,1,0,2,0,17,0,0,1,0,0,1,20,0,0,0,0,0,0,4,NT,23.6,-0.192982456,"Amy Johnson Ave [N], Stuart Hwy [E], Amy Johnson Ave [SW], Stuart Hwy [W]",Darwin,-12.427641,5,3,8,19,25,44,1,0,1,21,18,39,0,0,0,130.907681,0,5527,2021
27/07/2021,5,3,2,0,3,1,21,0,1,0,0,0,0,11,1,0,0,0,0,0,4,NT,20.0,-0.076923077,"Lee Point Rd [N], McMillans Rd [E], Marrara Dr [S], McMillans Rd [W]",Darwin,-12.39541,10,4,14,25,16,41,1,5,6,12,23,35,0,0,0,130.882965,19,5526,2021
24/08/2021,8,0,5,0,3,1,32,0,0,0,1,0,8,10,0,0,0,0,0,0,4,NT,27.8,0.046153846,"Rothdale Rd [N], McMillans Rd [E], Henry Wrigley Dr [S], McMillans Rd [W]",Darwin,-12.395413,13,11,24,36,18,54,1,1,2,18,38,56,0,0,0,130.878263,0,5525,2021
24/08/2021,4,21,2,0,0,1,0,0,13,4,2,0,5,11,0,0,0,0,0,0,4,NT,34.4,0.05,"McMillans Rd [E], Charles Eaton Dr [SE], McMillans Rd [W], Rapid Crk Cyclepath [NW]",Darwin,-12.395447,27,18,45,1,19,20,19,22,41,16,4,20,0,0,0,130.871723,0,5524,2021
27/07/2021,8,3,0,0,9,22,0,0,8,6,0,0,0,0,0,0,0,0,0,0,3,NT,25.6,-0.138461538,"McMillans Rd [NE], Stuart Hwy [SE], Stuart Hwy [NW]",Palmerston,-12.444442,11,17,28,31,14,45,14,25,39,0,0,0,0,0,0,130.952575,1,5500,2021
27/07/2021,4,1,1,0,2,2,7,0,0,7,0,0,1,6,1,0,0,0,0,0,4,NT,20.2,-0.219512195,"Roystonea Ave [N], Lambrick Ave [E], Roystonea Ave [S], Lambrick Ave [W]",Palmerston,-12.502173,6,3,9,11,17,28,7,4,11,8,8,16,0,0,0,130.998955,1,5982,2021
27/07/2021,5,4,0,0,3,0,1,0,1,0,0,0,1,0,0,0,0,0,0,0,4,NT,8.0,0.666666667,"Temple Terrace [NE], Farrar Boulevard [SE], Temple Terrace [SW], Toupein Road [NW]",Palmerston,-12.476771,9,5,14,4,5,9,1,4,5,1,1,2,0,0,0,130.99263,0,6951,2021
24/08/2021,0,1,0,0,0,4,15,0,0,0,3,0,1,7,0,0,0,0,0,0,4,NT,15.8,0.722222222,"Howard Springs Rd [NE], Howard Springs shared path [SE], Howard Springs Rd [SW], Howard Springs shared path [NW]",Palmerston,-12.493,1,1,2,19,7,26,3,5,8,8,18,26,0,0,0,131.019,0,7129,2021
24/08/2021,1,2,0,0,5,3,4,0,1,1,1,0,0,1,1,0,0,0,0,0,4,NT,9.2,-0.428571429,"Yarrawonga Rd [NE], Roystonea Ave [SE], Packard Ave [W], Roystonea Ave [NW]",Palmerston,-12.473,3,6,9,12,3,15,3,6,9,2,5,7,0,0,0,130.983,1,7127,2021
24/08/2021,0,0,1,0,0,6,22,0,1,1,10,0,0,2,1,0,0,0,0,0,4,NT,23.4,0.466666667,"Lambrick Ave [E], Zuccoli Pde [S], Lambrick Ave [W], Farrar Blvd [N]",Palmerston,-12.501095,1,1,2,28,3,31,12,7,19,3,33,36,0,0,0,131.006133,2,6566,2021
27/07/2021,2,3,0,0,0,3,6,0,1,2,2,0,1,2,0,0,0,0,0,0,4,NT,11.0,0.222222222,"Temple Tce [NE], Roystonea Ave/Footpath [SE], Temple Tce/Footpath [SW], Roystonea Ave/Footpath [NW]",Palmerston,-12.479334,5,2,7,9,6,15,5,6,11,3,8,11,0,0,0,130.988479,0,6807,2021
7/09/2021,4,0,0,0,8,0,0,0,0,0,0,0,0,0,0,0,0,0,0,0,3,NT,6.2,2.0,"University Ave [E], Elrundie Ave [S], Kirkland Rd [W]",Palmerston,-12.481,4,8,12,8,4,12,0,0,0,0,0,0,0,0,0,130.97,0,7128,2021
25/07/2023,0,0,0,0,0,0,0,0,0,0,0,0,0,0,0,0,0,0,0,0,0,0,0.0,0.0,0,0,0.0,0,0,0,0,0,0,0,0,0,0,0,0,0,0,0,0.0,0,0,2023
25/07/2023,0,0,0,0,0,0,0,0,0,0,0,0,0,0,0,0,0,0,0,0,0,0,0.0,0.0,0,0,0.0,0,0,0,0,0,0,0,0,0,0,0,0,0,0,0,0.0,0,0,2023
25/07/2023,0,0,0,0,0,0,0,0,0,0,0,0,0,0,0,0,0,0,0,0,0,0,0.0,0.0,0,0,0.0,0,0,0,0,0,0,0,0,0,0,0,0,0,0,0,0.0,0,0,2023
25/07/2023,0,0,0,0,0,0,0,0,0,0,0,0,0,0,0,0,0,0,0,0,0,0,0.0,0.0,0,0,0.0,0,0,0,0,0,0,0,0,0,0,0,0,0,0,0,0.0,0,0,2023
25/07/2023,0,0,0,0,0,0,0,0,0,0,0,0,0,0,0,0,0,0,0,0,0,0,0.0,0.0,0,0,0.0,0,0,0,0,0,0,0,0,0,0,0,0,0,0,0,0.0,0,0,2023
25/07/2023,0,0,0,0,0,0,0,0,0,0,0,0,0,0,0,0,0,0,0,0,0,0,0.0,0.0,0,0,0.0,0,0,0,0,0,0,0,0,0,0,0,0,0,0,0,0.0,0,0,2023
25/07/2023,0,0,0,0,0,0,0,0,0,0,0,0,0,0,0,0,0,0,0,0,0,0,0.0,0.0,0,0,0.0,0,0,0,0,0,0,0,0,0,0,0,0,0,0,0,0.0,0,0,2023
25/07/2023,0,0,0,0,0,0,0,0,0,0,0,0,0,0,0,0,0,0,0,0,0,0,0.0,0.0,0,0,0.0,0,0,0,0,0,0,0,0,0,0,0,0,0,0,0,0.0,0,0,2023
25/07/2023,0,0,0,0,0,0,0,0,0,0,0,0,0,0,0,0,0,0,0,0,0,0,0.0,0.0,0,0,0.0,0,0,0,0,0,0,0,0,0,0,0,0,0,0,0,0.0,0,0,2023
25/07/2023,0,0,0,0,0,0,0,0,0,0,0,0,0,0,0,0,0,0,0,0,0,0,0.0,0.0,0,0,0.0,0,0,0,0,0,0,0,0,0,0,0,0,0,0,0,0.0,0,0,2023
25/07/2023,0,0,0,0,0,0,0,0,0,0,0,0,0,0,0,0,0,0,0,0,0,0,0.0,0.0,0,0,0.0,0,0,0,0,0,0,0,0,0,0,0,0,0,0,0,0.0,0,0,2023
25/07/2023,0,0,0,0,0,0,0,0,0,0,0,0,0,0,0,0,0,0,0,0,0,0,0.0,0.0,0,0,0.0,0,0,0,0,0,0,0,0,0,0,0,0,0,0,0,0.0,0,0,2023
25/07/2023,0,0,0,0,0,0,0,0,0,0,0,0,0,0,0,0,0,0,0,0,0,0,0.0,0.0,0,0,0.0,0,0,0,0,0,0,0,0,0,0,0,0,0,0,0,0.0,0,0,2023
25/07/2023,0,0,0,0,0,0,0,0,0,0,0,0,0,0,0,0,0,0,0,0,0,0,0.0,0.0,0,0,0.0,0,0,0,0,0,0,0,0,0,0,0,0,0,0,0,0.0,0,0,2023
25/07/2023,0,0,0,0,0,0,0,0,0,0,0,0,0,0,0,0,0,0,0,0,0,0,0.0,0.0,0,0,0.0,0,0,0,0,0,0,0,0,0,0,0,0,0,0,0,0.0,0,0,2023
25/07/2023,0,0,0,0,0,0,0,0,0,0,0,0,0,0,0,0,0,0,0,0,0,0,0.0,0.0,0,0,0.0,0,0,0,0,0,0,0,0,0,0,0,0,0,0,0,0.0,0,0,2023
25/07/2023,4,1,0,0,1,10,0,0,0,38,0,0,0,0,0,0,0,0,0,0,3,NT,32.2,-0.422222222,"Gregory St [E], East Point Rd [S], East Point Rd [N]",Darwin,-12.432258,5,1,6,11,42,53,38,11,49,0,0,0,0,0,0,130.837681,2,5474,2023
1/08/2023,3,31,5,0,3,1,10,0,6,1,9,0,1,1,1,0,0,0,0,0,4,NT,39.8,-0.290322581,"East Point Rd [N], Goyder Rd [E], Gilruth Ave [SW], Goyder Rd [W]",Darwin,-12.438015,39,10,49,14,5,19,16,33,49,3,24,27,0,0,0,130.837831,5,5473,2023
25/07/2023,0,0,10,0,1,19,1,1,1,5,2,1,10,7,0,0,0,1,1,0,5,NT,32.4,-0.181818182,"Atkins Dr [N], Gilruth Ave [NE], Gardens Rd [SE], Gilruth Ave [S], Maria Liveris Dr [SW]",Darwin,-12.444327,10,12,22,22,13,35,9,20,29,17,13,30,2,2,4,130.834038,3,5472,2023
25/07/2023,4,7,0,0,8,2,10,0,9,2,5,0,3,8,4,0,0,0,0,0,4,NT,32.0,-0.19047619,"Gilruth Ave [N], Smith St [SE], Lambell Tce [SW], Kahlin Ave [NW]",Darwin,-12.452352,11,20,31,20,14,34,16,13,29,15,15,30,0,0,0,130.830522,2,5471,2023
25/07/2023,7,9,0,0,16,16,0,0,54,6,0,0,0,0,0,0,0,0,0,0,3,NT,64.4,-0.50462963,"Rapid Creek Path Bridge [N], Foreshore Path [SE], Foreshore Path [W]",Darwin,-12.376238,16,70,86,32,13,45,60,25,85,0,0,0,0,0,0,130.860332,0,5483,2023
1/08/2023,4,2,0,0,10,15,0,0,7,5,0,0,0,0,0,0,0,0,0,0,3,NT,22.0,-0.142857143,"Chapman Rd [NE], Nightcliff Rd [SE], Nightcliff Rd [NW]",Darwin,-12.384294,6,17,23,25,9,34,12,17,29,0,0,0,0,0,0,130.855426,1,5482,2023
25/07/2023,2,0,3,0,3,6,1,0,3,0,1,0,0,1,1,0,0,0,0,0,4,NT,10.2,-0.487179487,"Rossiter St [NE], Ryland Rd [SE], Rossiter St [SW], Ryland Rd [NW]",Darwin,-12.380754,5,6,11,10,3,13,4,7,11,2,5,7,0,0,0,130.85885,0,5481,2023
25/07/2023,2,7,7,0,4,3,2,0,23,4,0,0,7,1,0,0,0,0,0,0,4,NT,35.2,-0.524590164,"Casuarina Dr/Shared Path [E], Nightcliff Rd [SE], Casuarina Dr/Shared Path [SW], Foreshore Shared Path [W]",Darwin,-12.376827,16,34,50,9,7,16,27,10,37,8,9,17,0,0,0,130.849571,3,5480,2023
25/07/2023,4,4,0,0,5,10,0,0,3,15,0,0,0,0,0,0,0,0,0,0,3,NT,24.8,-0.595959596,"Progress Dr [E], Dick Ward Dr [S], Progress Dr [W]",Darwin,-12.387972,8,8,16,15,19,34,18,14,32,0,0,0,0,0,0,130.852268,0,5478,2023
25/07/2023,0,38,0,0,0,1,0,0,17,1,0,0,0,0,0,0,0,0,0,0,3,NT,35.2,-0.5,"Dick Ward Dr [N], Fitzer Dr [E], Dick Ward Dr [S]",Darwin,-12.410053,38,17,55,1,1,2,18,39,57,0,0,0,0,0,0,130.8505,3,5477,2023
25/07/2023,7,36,0,0,2,0,0,0,16,0,0,0,0,0,0,0,0,0,0,0,3,NT,36.0,-0.443396226,"Dick Ward Dr [NE], Douglas St [SE], Dick Ward Dr [SW]",Darwin,-12.42052,43,18,61,2,7,9,16,36,52,0,0,0,0,0,0,130.847323,0,5476,2023
25/07/2023,7,34,0,0,1,3,0,0,12,3,0,0,0,0,0,0,0,0,0,0,3,NT,36.0,-0.57037037,"Dick Ward Dr [E], Ross Smith Ave [SE], Ross Smith Ave [W]",Darwin,-12.424494,41,13,54,4,10,14,15,37,52,0,0,0,0,0,0,130.838362,0,5475,2023
8/08/2023,8,6,5,0,5,4,9,0,1,2,12,0,1,1,2,0,0,0,0,0,4,NT,33.6,0.068181818,"Lambrick Ave [E], Zuccoli Pde [S], Lambrick Ave [W], Farrar Blvd [N]",Palmerston,-12.501095,19,7,26,18,11,29,15,12,27,4,26,30,0,0,0,131.006133,0,6566,2023
8/08/2023,4,0,0,0,4,4,0,0,2,6,0,0,0,0,0,0,0,0,0,0,3,NT,10.8,0.416666667,"University Ave [E], Elrundie Ave [S], Kirkland Rd [W]",Palmerston,-12.481,4,6,10,8,10,18,8,4,12,0,0,0,0,0,0,130.97,0,7128,2023
9/08/2023,0,1,0,0,7,4,2,0,1,2,2,0,0,1,0,0,0,0,0,0,4,NT,9.8,0.2,"Temple Terrace [NE], Farrar Boulevard [SE], Temple Terrace [SW], Toupein Road [NW]",Palmerston,-12.476771,1,8,9,13,3,16,5,5,10,1,4,5,0,0,0,130.99263,2,6951,2023
15/08/2023,1,3,0,0,0,3,0,0,2,7,0,0,0,0,0,0,0,0,0,0,3,NT,6.2,0.142857143,"Roystonea Ave [SE], University Ave [SW], Roystonea Ave [NW]",Palmerston,-12.475906,4,2,6,3,8,11,9,6,15,0,0,0,0,0,0,130.985374,0,5501,2023
1/08/2023,0,8,19,0,1,0,2,0,9,0,0,0,14,6,1,0,0,0,0,0,4,NT,30.6,-0.304878049,"Trower Rd [E], Rapid Creek Rd [S], Trower Rd [W], Rapid Creek Rd [N]",Darwin,-12.385471,27,24,51,3,6,9,9,9,18,21,21,42,0,0,0,130.864514,0,5518,2023
1/08/2023,0,10,2,0,6,6,0,0,7,5,1,0,0,0,2,0,0,0,0,0,4,NT,17.8,-0.125,"Trower Rd [N], Vanderlin Dr [E], Trower Rd [S], Casuarina Shops [W]",Darwin,-12.375801,12,13,25,12,5,17,13,18,31,2,3,5,0,0,0,130.88271,0,5519,2023
25/07/2023,0,1,1,0,2,4,7,0,6,4,4,0,1,2,2,0,0,0,0,0,4,NT,20.0,-0.384615385,"Lee Point Rd [N], Vanderlin Dr [E], Lee Point Rd [S], Vanderlin Rd [W]",Darwin,-12.377512,2,9,11,13,6,19,14,7,21,5,12,17,0,0,0,130.890756,4,5520,2023
1/08/2023,0,5,0,0,1,2,0,0,15,0,0,0,0,0,0,0,0,0,0,0,3,NT,13.2,0.045454545,"Vanderlin Dr/Bike Path [SE], Mueller Rd [SW], Vanderlin Dr/Bike Path [NW]",Darwin,-12.390698,5,16,21,3,0,3,15,7,22,0,0,0,0,0,0,130.911463,0,5521,2023
25/07/2023,2,0,0,0,6,5,10,0,0,3,5,0,0,12,0,0,0,0,0,0,4,NT,16.8,0.0,"Vanderlin Dr [N], McMillans Rd [SE], Vanderlin Dr [S], McMillans Rd [NW]",Darwin,-12.410151,2,6,8,21,17,38,8,5,13,12,15,27,0,0,0,130.922994,0,5523,2023
25/07/2023,1,20,3,0,1,0,0,0,11,2,1,0,4,4,0,0,0,0,0,0,4,NT,21.0,-0.285714286,"McMillans Rd [E], Charles Eaton Dr [SE], McMillans Rd [W], Rapid Crk Cyclepath [NW]",Darwin,-12.395447,24,16,40,1,7,8,14,20,34,8,4,12,0,0,0,130.871723,0,5524,2023
25/07/2023,2,5,2,0,0,2,19,0,0,0,0,0,1,13,0,0,0,0,0,0,4,NT,19.2,-0.367647059,"Rothdale Rd [N], McMillans Rd [E], Henry Wrigley Dr [S], McMillans Rd [W]",Darwin,-12.395413,9,1,10,21,15,36,0,7,7,14,21,35,0,0,0,130.878263,9,5525,2023
25/07/2023,1,3,4,0,1,1,18,0,2,1,0,0,1,15,1,0,0,0,0,0,4,NT,21.4,-0.041666667,"Lee Point Rd [N], McMillans Rd [E], Marrara Dr [S], McMillans Rd [W]",Darwin,-12.39541,8,4,12,20,17,37,3,5,8,17,22,39,0,0,0,130.882965,0,5526,2023
15/08/2023,1,0,8,0,1,1,8,0,0,0,2,0,1,8,0,0,0,0,0,0,4,NT,17.2,-0.347826087,"Amy Johnson Ave [N], Stuart Hwy [E], Amy Johnson Ave [SW], Stuart Hwy [W]",Darwin,-12.427641,9,2,11,10,9,19,2,1,3,9,18,27,0,0,0,130.907681,2,5527,2023
8/08/2023,1,5,1,0,2,3,14,0,0,0,1,0,1,5,2,0,0,0,0,0,4,NT,19.6,-0.42,"Vanderlin Dr [N], Stuart Hwy [E], Berrimah Rd [S], Stuart Hwy [W]",Darwin,-12.433465,7,3,10,19,6,25,1,10,11,8,16,24,0,0,0,130.923379,7,5528,2023
25/07/2023,46,15,0,0,5,13,0,0,10,15,0,0,0,0,0,0,0,0,0,0,3,NT,54.0,-0.315068493,"Dick Ward Dr [E], East point Rd/Bike Path [S], East Point Rd/Bike Path [NW]",Darwin,-12.424536,61,15,76,18,61,79,25,28,53,0,0,0,0,0,0,130.835473,0,5585,2023
25/07/2023,4,11,0,0,3,1,0,0,49,27,0,0,0,0,0,0,0,0,0,0,3,NT,54.2,-0.360544218,"Casuarina Foreshore Path [N], Casuarina Foreshore Path [E], Casuarina Foreshore Path [S]",Darwin,-12.371739,15,52,67,4,31,35,76,12,88,0,0,0,0,0,0,130.863139,3,5981,2023
8/08/2023,2,2,0,0,0,0,0,0,6,0,0,0,0,0,0,0,0,0,0,0,3,NT,6.4,0.125,"Rothdale Rd [S], Freshwater Rd [W], Rothdale Rd [N]",Darwin,-12.391632,4,6,10,0,2,2,6,2,8,0,0,0,0,0,0,130.877968,0,6188,2023
1/08/2023,13,12,0,0,1,10,0,0,0,0,0,0,0,0,0,0,0,0,0,0,3,NT,17.4,-0.326923077,"Lee Point Rd [N], Lee Point Rd [S], Tambling Tce [W]",Darwin,-12.366516,25,1,26,11,13,24,0,22,22,0,0,0,0,0,0,130.892152,0,6808,2023
1/08/2023,15,7,0,0,11,4,0,0,3,3,0,0,0,0,0,0,0,0,0,0,3,NT,19.4,0.379310345,"Trower Rd [N], Trower Rd [S], Dripstone Rd [W]",Darwin,-12.377574,22,14,36,15,18,33,6,11,17,0,0,0,0,0,0,130.88217,0,6830,2023
25/07/2023,0,10,31,0,0,0,3,1,0,0,0,0,0,0,0,0,1,0,0,3,5,NT,26.0,-0.093023256,"Tiger Brennan Drive north bound [N], Frances Bay Drive north bound [NE], Frances Bay Drive south bound [S], Tiger Brennan Drive south bound [SW], Dinah Beach Rd [W]",Darwin,-12.45294,41,1,42,4,0,4,0,10,10,0,37,37,4,1,5,130.847549,0,6949,2023
25/07/2023,7,10,0,0,9,16,0,0,20,16,0,0,0,0,0,0,0,0,0,0,3,NT,39.0,0.350877193,"Rocklands Dr [N], Trower Rd [E], Trower Rd [W]",Darwin,-12.365103,17,29,46,25,23,48,36,26,62,0,0,0,0,0,0,130.87249,11,5484,2023
25/07/2023,0,9,16,0,0,1,2,0,5,0,18,0,4,0,2,0,0,0,0,0,4,NT,30.8,-0.232876712,"Rocklands Dr [E], Roper St [S], Rocklands Dr [W], Florey Ave [N]",Darwin,-12.359174,25,9,34,3,0,3,23,12,35,6,36,42,0,0,0,130.882951,7,5485,2023
25/07/2023,4,12,0,0,25,7,0,0,8,0,0,0,0,0,0,0,0,0,0,0,3,NT,26.6,-0.070175439,"Henbury Ave [N], Tambling Tce [E], Henbury Ave [S]",Darwin,-12.365755,16,33,49,32,4,36,8,19,27,0,0,0,0,0,0,130.885704,0,5486,2023
25/07/2023,6,2,0,0,4,0,0,0,2,0,0,0,0,0,0,0,0,0,0,0,3,NT,6.8,-0.3125,"Trower Rd [E], Rothdale Rd [S], Trower Rd [W]",Darwin,-12.382667,8,6,14,4,6,10,2,2,4,0,0,0,0,0,0,130.876676,0,5487,2023
25/07/2023,1,5,7,0,4,3,13,0,5,0,5,0,0,4,1,0,0,0,0,0,4,NT,24.2,0.146341463,"Lee Point Rd [NE], Lee Point Rd [SE], Parer Dr [SW], Parer Dr [NW]",Darwin,-12.386554,13,9,22,20,5,25,10,9,19,5,25,30,0,0,0,130.886736,0,5488,2023
25/07/2023,0,0,22,2,2,2,16,0,3,2,2,1,5,5,1,4,1,0,2,3,5,NT,38.2,-0.355263158,"Stuart Hwy path [N], Stuart Hwy [NE], McMinn St [SE], Daly St [SW], McMinn St [NW]",Darwin,-12.454653,24,11,35,20,7,27,8,5,13,15,43,58,6,7,13,130.839183,0,5507,2023
25/07/2023,6,32,0,0,11,3,0,0,14,2,0,0,0,0,0,0,0,0,0,0,3,NT,36.6,-0.47,"Stuart Hwy/Bike Path [N], Westralia St [E], Stuart Hwy/Bike Path [S]",Darwin,-12.445064,38,25,63,14,8,22,16,35,51,0,0,0,0,0,0,130.84106,4,5508,2023
25/07/2023,0,6,2,0,0,1,11,0,2,2,2,0,0,1,3,0,0,0,0,0,4,NT,16.2,0.0,"Tiger Brennan Dr [NE], Stoddart Dr [SE], Tiger Brennan Dr [SW], Woolner Rd [NW]",Darwin,-12.43842,8,2,10,12,3,15,6,10,16,4,15,19,0,0,0,130.850134,0,5509,2023
25/07/2023,28,3,0,0,12,1,7,0,1,1,0,0,3,9,1,0,0,0,0,0,4,NT,36.4,-0.305882353,"Stuart Hwy [E], Stuart Hwy [SW], Stokes St [W], Parap Rd [N]",Darwin,-12.435826,31,16,47,20,38,58,2,5,7,13,7,20,0,0,0,130.843351,0,5510,2023
9/08/2023,33,4,0,0,19,5,0,0,0,7,0,0,0,0,0,0,0,0,0,0,3,NT,34.0,0.192307692,"Stuart Hwy [NE], Stuart Hwy [SW], Ross Smith Ave [NW]",Darwin,-12.432985,37,19,56,24,40,64,7,9,16,0,0,0,0,0,0,130.849083,1,5511,2023
25/07/2023,4,10,2,0,2,0,0,0,11,1,6,0,4,1,10,0,0,0,0,0,4,NT,24.6,-0.347826087,"Stuart Hwy [NE], Snell St [SE], Stuart Hwy [SW], Bagot Rd [N]",Darwin,-12.429357,16,17,33,2,6,8,18,20,38,15,8,23,0,0,0,130.856979,1,5512,2023
1/08/2023,20,0,0,0,19,0,0,0,2,1,0,0,0,0,0,0,0,0,0,0,3,NT,19.8,-0.2,"Bagot Rd [N], Bagot Rd [S], Fitzer Dr [W]",Darwin,-12.410494,20,21,41,19,21,40,3,0,3,0,0,0,0,0,0,130.856116,1,5513,2023
15/08/2023,12,0,0,0,0,1,14,0,0,1,7,0,1,10,4,0,0,0,0,0,4,NT,22.4,0.323529412,"Osgood Dr [E], Bagot Rd [S], Totem Rd [W], Bagot Rd [N]",Darwin,-12.402638,12,1,13,15,23,38,8,5,13,15,21,36,0,0,0,130.856105,8,5514,2023
25/07/2023,1,3,0,0,0,1,1,0,1,0,0,0,0,0,0,0,0,0,0,0,4,NT,3.6,-0.766666667,"Bagot Rd [N], Old McMillans Rd [E], Bagot Rd [S], Old McMillans Rd [W]",Darwin,-12.395324,4,1,5,2,1,3,1,4,5,0,1,1,0,0,0,130.856016,0,5515,2023
3/08/2023,2,7,0,0,3,2,0,0,7,2,0,0,0,0,0,0,0,0,0,0,3,NT,12.8,-0.08,"Trower Rd [NE], Sabine Rd [SE], Trower Rd [SW]",Darwin,-12.387763,9,10,19,5,4,9,9,9,18,0,0,0,0,0,0,130.858441,1,5516,2023
3/08/2023,8,4,0,0,10,1,0,0,3,1,0,0,0,0,0,0,0,0,0,0,3,NT,14.8,-0.404761905,"McMillans Rd [E], McMillans Rd [SW], Sabine Rd [NW]",Darwin,-12.39561,12,13,25,11,9,20,4,5,9,0,0,0,0,0,0,130.862539,0,5517,2023
25/07/2023,0,0,0,0,0,0,0,0,0,0,0,0,0,0,0,0,0,0,0,0,0,0,0.0,0.0,0,0,0.0,0,0,0,0,0,0,0,0,0,0,0,0,0,0,0,0.0,0,0,2023
25/07/2023,0,0,0,0,0,0,0,0,0,0,0,0,0,0,0,0,0,0,0,0,0,0,0.0,0.0,0,0,0.0,0,0,0,0,0,0,0,0,0,0,0,0,0,0,0,0.0,0,0,2023
25/07/2023,0,0,0,0,0,0,0,0,0,0,0,0,0,0,0,0,0,0,0,0,0,0,0.0,0.0,0,0,0.0,0,0,0,0,0,0,0,0,0,0,0,0,0,0,0,0.0,0,0,2023
25/07/2023,0,0,0,0,0,0,0,0,0,0,0,0,0,0,0,0,0,0,0,0,0,0,0.0,0.0,0,0,0.0,0,0,0,0,0,0,0,0,0,0,0,0,0,0,0,0.0,0,0,2023
8/08/2023,0,2,0,0,5,4,7,0,3,6,1,0,1,11,0,0,0,0,0,0,4,NT,23.4,0.125,"Roystonea Ave [N], Lambrick Ave [E], Roystonea Ave [S], Lambrick Ave [W]",Palmerston,-12.502173,2,9,11,16,17,33,10,6,16,12,8,20,0,0,0,130.998955,0,5982,2023
8/08/2023,4,0,0,0,4,7,0,0,6,4,0,0,0,0,0,0,0,0,0,0,3,NT,12.6,-0.571428571,"McMillans Rd [NE], Stuart Hwy [SE], Stuart Hwy [NW]",Palmerston,-12.444442,4,10,14,11,8,19,10,7,17,0,0,0,0,0,0,130.952575,0,5500,2023
25/07/2023,0,0,0,0,0,0,0,0,0,0,0,0,0,0,0,0,0,0,0,0,0,0,0.0,0.0,0,0,0.0,0,0,0,0,0,0,0,0,0,0,0,0,0,0,0,0.0,0,0,2023
25/07/2023,0,0,0,0,0,0,0,0,0,0,0,0,0,0,0,0,0,0,0,0,0,0,0.0,0.0,0,0,0.0,0,0,0,0,0,0,0,0,0,0,0,0,0,0,0,0.0,0,0,2023
25/07/2023,0,0,0,0,0,0,0,0,0,0,0,0,0,0,0,0,0,0,0,0,0,0,0.0,0.0,0,0,0.0,0,0,0,0,0,0,0,0,0,0,0,0,0,0,0,0.0,0,0,2023
25/07/2023,0,0,0,0,0,0,0,0,0,0,0,0,0,0,0,0,0,0,0,0,0,0,0.0,0.0,0,0,0.0,0,0,0,0,0,0,0,0,0,0,0,0,0,0,0,0.0,0,0,2023
25/07/2023,0,0,0,0,0,0,0,0,0,0,0,0,0,0,0,0,0,0,0,0,0,0,0.0,0.0,0,0,0.0,0,0,0,0,0,0,0,0,0,0,0,0,0,0,0,0.0,0,0,2023
25/07/2023,0,0,0,0,0,0,0,0,0,0,0,0,0,0,0,0,0,0,0,0,0,0,0.0,0.0,0,0,0.0,0,0,0,0,0,0,0,0,0,0,0,0,0,0,0,0.0,0,0,2023
25/07/2023,7,27,2,0,2,0,6,0,4,1,0,0,2,10,3,0,0,0,0,0,4,NT,36.2,0.0,"Garramilla Blvd [NE], McMinn St [SE], Garramilla Blvd [SW], McMinn St [NW]",Darwin,-12.458133,36,8,44,8,18,26,5,30,35,15,8,23,0,0,0,130.8427,0,7351,2023
25/07/2023,0,4,13,0,4,0,10,0,4,1,1,0,14,4,0,0,0,0,0,0,4,NT,26.4,-0.428571429,"Fox Cr [NE], Nightcliff Rd [SE], Camphor St [SW], Nightcliff Rd [NW]",Darwin,-12.382654,17,22,39,14,5,19,6,4,10,18,24,42,0,0,0,130.853932,1,7249,2023
1/08/2023,3,0,0,0,3,0,2,0,0,0,0,0,1,4,0,0,0,0,0,0,4,NT,6.6,0.083333333,"Berrimah Rd [N], Tiger Brennan Dr [E], Berrimah Rd [S], Tiger Brennan Dr [W]",Darwin,-12.45,3,4,7,5,7,12,0,0,0,5,2,7,0,0,0,130.9235,0,7130,2023
25/07/2023,2,15,0,0,6,8,0,0,8,1,0,0,0,0,0,0,0,0,0,0,3,NT,17.8,0.0,"Dripstone Rd [SE], Lakeside Dr [SW], Dripstone Rd [NW]",Darwin,-12.374524,17,14,31,14,3,17,9,23,32,0,0,0,0,0,0,130.87454,2,7123,2023
25/07/2023,0,0,0,0,0,0,0,0,0,0,0,0,0,0,0,0,0,0,0,0,0,0,0.0,0.0,0,0,0.0,0,0,0,0,0,0,0,0,0,0,0,0,0,0,0,0.0,0,0,2023
25/07/2023,0,0,0,0,0,0,0,0,0,0,0,0,0,0,0,0,0,0,0,0,0,0,0.0,0.0,0,0,0.0,0,0,0,0,0,0,0,0,0,0,0,0,0,0,0,0.0,0,0,2023
25/07/2023,2,3,0,0,2,0,0,0,0,1,0,0,0,0,0,0,0,0,0,0,3,NT,4.8,0.0,"The Boulevard [NE], The Boulevard [SW], Frances Drive [NW]",Palmerston,-12.479452,5,2,7,2,3,5,1,3,4,0,0,0,0,0,0,130.984531,0,7850,2023
25/07/2023,0,0,1,0,0,2,7,0,0,8,2,0,0,3,0,0,0,0,0,0,4,NT,12.4,-0.35483871,"Howard Springs Rd [NE], Howard Springs shared path [SE], Howard Springs Rd [SW], Howard Springs shared path [NW]",Palmerston,-12.493,1,0,1,9,11,20,10,2,12,3,10,13,0,0,0,131.019,5,7129,2023
25/07/2023,0,0,0,0,0,0,0,0,0,0,0,0,0,0,0,0,0,0,0,0,0,0,0.0,0.0,0,0,0.0,0,0,0,0,0,0,0,0,0,0,0,0,0,0,0,0.0,0,0,2023
25/07/2023,0,0,0,0,0,0,0,0,0,0,0,0,0,0,0,0,0,0,0,0,0,0,0.0,0.0,0,0,0.0,0,0,0,0,0,0,0,0,0,0,0,0,0,0,0,0.0,0,0,2023
25/07/2023,0,0,0,0,0,0,0,0,0,0,0,0,0,0,0,0,0,0,0,0,0,0,0.0,0.0,0,0,0.0,0,0,0,0,0,0,0,0,0,0,0,0,0,0,0,0.0,0,0,2023
25/07/2023,0,0,0,0,0,0,0,0,0,0,0,0,0,0,0,0,0,0,0,0,0,0,0.0,0.0,0,0,0.0,0,0,0,0,0,0,0,0,0,0,0,0,0,0,0,0.0,0,0,2023
25/07/2023,0,0,2,0,1,0,4,0,2,0,2,0,0,2,0,0,0,0,0,0,4,NT,6.8,-0.409090909,"Temple Tce [NE], Roystonea Ave/Footpath [SE], Temple Tce/Footpath [SW], Roystonea Ave/Footpath [NW]",Palmerston,-12.479334,2,3,5,5,2,7,4,0,4,2,8,10,0,0,0,130.988479,0,6807,2023
22/08/2023,5,4,2,0,0,0,1,0,1,1,0,0,5,4,1,0,0,0,0,0,4,NT,14.2,0.0,"Lakeview Boulevard [N], Buscall Avenue [E], Maurice Terrace [S], Buscall Avenue [W]",Palmerston,-12.491071,11,6,17,1,10,11,2,5,7,10,3,13,0,0,0,130.997802,0,7852,2023
15/08/2023,2,1,1,0,4,1,0,0,5,2,4,0,0,0,0,0,0,0,0,0,4,NT,10.6,0.0,"Temple Terrace [NE], Chung Wah Terrace [SE], Temple Terrace [SW], Chung Wah Terrace [NW]",Palmerston,-12.482352,4,9,13,5,4,9,11,2,13,0,5,5,0,0,0,130.985197,0,7851,2023
15/08/2023,5,1,0,0,3,2,1,0,6,0,0,0,2,0,0,0,0,0,0,0,4,NT,8.6,0.0,"Yarrawonga Rd [NE], Roystonea Ave [SE], Packard Ave [W], Roystonea Ave [NW]",Palmerston,-12.473,6,11,17,6,5,11,6,3,9,2,1,3,0,0,0,130.983,0,7127,2023
25/07/2023,0,0,0,0,0,0,0,0,0,0,0,0,0,0,0,0,0,0,0,0,0,0,0.0,0.0,0,0,0.0,0,0,0,0,0,0,0,0,0,0,0,0,0,0,0,0.0,0,0,2023
25/07/2023,0,0,0,0,0,0,0,0,0,0,0,0,0,0,0,0,0,0,0,0,0,0,0.0,0.0,0,0,0.0,0,0,0,0,0,0,0,0,0,0,0,0,0,0,0,0.0,0,0,2023
25/07/2023,0,0,0,0,0,0,0,0,0,0,0,0,0,0,0,0,0,0,0,0,0,0,0.0,0.0,0,0,0.0,0,0,0,0,0,0,0,0,0,0,0,0,0,0,0,0.0,0,0,2023
25/07/2023,0,0,0,0,0,0,0,0,0,0,0,0,0,0,0,0,0,0,0,0,0,0,0.0,0.0,0,0,0.0,0,0,0,0,0,0,0,0,0,0,0,0,0,0,0,0.0,0,0,2023
25/07/2023,0,0,0,0,0,0,0,0,0,0,0,0,0,0,0,0,0,0,0,0,0,0,0.0,0.0,0,0,0.0,0,0,0,0,0,0,0,0,0,0,0,0,0,0,0,0.0,0,0,2023
25/07/2023,0,0,0,0,0,0,0,0,0,0,0,0,0,0,0,0,0,0,0,0,0,0,0.0,0.0,0,0,0.0,0,0,0,0,0,0,0,0,0,0,0,0,0,0,0,0.0,0,0,2023
25/07/2023,0,0,0,0,0,0,0,0,0,0,0,0,0,0,0,0,0,0,0,0,0,0,0.0,0.0,0,0,0.0,0,0,0,0,0,0,0,0,0,0,0,0,0,0,0,0.0,0,0,2023
25/07/2023,0,0,0,0,0,0,0,0,0,0,0,0,0,0,0,0,0,0,0,0,0,0,0.0,0.0,0,0,0.0,0,0,0,0,0,0,0,0,0,0,0,0,0,0,0,0.0,0,0,2023
25/07/2023,0,0,0,0,0,0,0,0,0,0,0,0,0,0,0,0,0,0,0,0,0,0,0.0,0.0,0,0,0.0,0,0,0,0,0,0,0,0,0,0,0,0,0,0,0,0.0,0,0,2023
25/07/2023,0,0,0,0,0,0,0,0,0,0,0,0,0,0,0,0,0,0,0,0,0,0,0.0,0.0,0,0,0.0,0,0,0,0,0,0,0,0,0,0,0,0,0,0,0,0.0,0,0,2023
25/07/2023,0,0,0,0,0,0,0,0,0,0,0,0,0,0,0,0,0,0,0,0,0,0,0.0,0.0,0,0,0.0,0,0,0,0,0,0,0,0,0,0,0,0,0,0,0,0.0,0,0,2023
25/07/2023,0,0,0,0,0,0,0,0,0,0,0,0,0,0,0,0,0,0,0,0,0,0,0.0,0.0,0,0,0.0,0,0,0,0,0,0,0,0,0,0,0,0,0,0,0,0.0,0,0,2023
25/07/2023,0,0,0,0,0,0,0,0,0,0,0,0,0,0,0,0,0,0,0,0,0,0,0.0,0.0,0,0,0.0,0,0,0,0,0,0,0,0,0,0,0,0,0,0,0,0.0,0,0,2023
25/07/2023,0,0,0,0,0,0,0,0,0,0,0,0,0,0,0,0,0,0,0,0,0,0,0.0,0.0,0,0,0.0,0,0,0,0,0,0,0,0,0,0,0,0,0,0,0,0.0,0,0,2023
25/07/2023,0,0,0,0,0,0,0,0,0,0,0,0,0,0,0,0,0,0,0,0,0,0,0.0,0.0,0,0,0.0,0,0,0,0,0,0,0,0,0,0,0,0,0,0,0,0.0,0,0,2023
25/07/2023,0,0,0,0,0,0,0,0,0,0,0,0,0,0,0,0,0,0,0,0,0,0,0.0,0.0,0,0,0.0,0,0,0,0,0,0,0,0,0,0,0,0,0,0,0,0.0,0,0,2023
29/07/2025,17,0,0,0,0,1,0,0,0,0,0,0,0,0,0,0,0,0,0,0,3,NT,4.0,0.0,"Bike Parking at Jetty [NE], Taking Bike on Ferry [SE], Charles Point Rd [W]",Darwin,-12.442882,17,0,17,1,17,18,0,1,1,0,0,0,0,0,0,130.766309,0,8569,2025
29/07/2025,21,10,2,0,19,1,2,0,2,1,1,0,0,9,11,0,0,0,0,0,4,NT,32.5,0.0,"Stuart Hwy [NE], Stuart Hwy [SW], Goyder Rd Footpath & Road [W], Footpath to Wilkinson St [N]",Darwin,-12.437701,33,21,54,22,31,53,4,22,26,20,5,25,0,0,0,130.841304,2,8568,2025
29/07/2025,6,30,1,0,0,1,1,0,4,1,0,0,0,0,2,0,0,0,0,0,4,NT,19.5,-11.0,"Garramilla Blvd [NE], McMinn St [SE], Garramilla Blvd [SW], McMinn St [NW]",Darwin,-12.458133,37,4,41,2,7,9,5,33,38,2,2,4,0,0,0,130.8427,0,7351,2025
5/08/2025,0,1,51,0,0,0,0,0,1,0,2,0,4,1,0,0,3,0,2,2,5,NT,27.5,21.0,"Tiger Brennan Drive north bound [N], Frances Bay Drive north bound [NE], Frances Bay Drive south bound [S], Tiger Brennan Drive south bound [SW], Dinah Beach Rd [W]",Darwin,-12.45294,52,8,60,0,1,1,3,3,6,5,55,60,7,0,7,130.847549,1,6949,2025
19/08/2025,1,0,3,0,0,0,5,0,0,0,0,0,2,11,2,0,0,0,0,0,4,NT,10.5,-6.0,"Amy Johnson Ave [N], Stuart Hwy [E], Amy Johnson Ave [SW], Stuart Hwy [W]",Darwin,-12.427641,4,2,6,5,12,17,0,2,2,15,8,23,0,0,0,130.907681,1,5527,2025
29/07/2025,3,5,2,0,5,2,12,0,2,0,2,0,1,7,1,0,0,0,0,0,4,NT,16.5,13.0,"Vanderlin Dr [N], Stuart Hwy [E], Berrimah Rd [S], Stuart Hwy [W]",Darwin,-12.433465,10,8,18,19,10,29,4,8,12,9,16,25,0,0,0,130.923379,0,5528,2025
29/07/2025,1,45,0,0,0,15,0,0,51,19,0,0,0,0,0,0,0,0,0,0,3,NT,57.0,34.0,"Casuarina Foreshore Path [N], Casuarina Foreshore Path [E], Casuarina Foreshore Path [S]",Darwin,-12.371739,46,51,97,15,20,35,70,60,130,0,0,0,0,0,0,130.863139,1,5981,2025
5/08/2025,9,3,0,0,11,8,0,0,2,4,0,0,0,0,0,0,0,0,0,0,3,NT,15.5,-6.0,"Trower Rd [N], Trower Rd [S], Dripstone Rd [W]",Darwin,-12.377574,12,13,25,19,13,32,6,11,17,0,0,0,0,0,0,130.88217,0,6830,2025
29/07/2025,0,4,0,0,0,3,1,0,1,5,0,0,1,4,0,0,0,0,0,0,4,NT,8.0,-3.0,"Yarrawonga Rd [NE], Roystonea Ave [SE], Packard Ave [W], Roystonea Ave [NW]",Palmerston,-12.473,4,2,6,4,9,13,6,7,13,5,1,6,0,0,0,130.983,1,7127,2025
29/07/2025,2,7,1,0,2,0,18,0,4,3,25,0,3,2,0,0,0,0,0,0,4,NT,32.5,8.0,"Lambrick Ave [E], Zuccoli Pde [S], Lambrick Ave [W], Farrar Blvd [N]",Palmerston,-12.501095,10,9,19,20,7,27,32,7,39,5,44,49,0,0,0,131.006133,0,6566,2025
29/07/2025,0,1,19,0,2,0,14,0,1,2,3,0,1,2,0,0,0,0,0,0,4,NT,21.5,1.0,"Roystonea Ave [N], Lambrick Ave [E], Roystonea Ave [S], Lambrick Ave [W]",Palmerston,-12.502173,20,4,24,16,4,20,6,1,7,3,36,39,0,0,0,130.998955,0,5982,2025
29/07/2025,0,16,0,0,2,6,0,0,9,9,0,0,0,0,0,0,0,0,0,0,3,NT,17.5,0.0,"Lakeside Dr [N], Trower Rd [E], Trower Rd [SW]",Darwin,-12.384022,16,11,27,8,9,17,18,22,40,0,0,0,0,0,0,130.868683,2,8574,2025
29/07/2025,16,4,0,0,5,14,0,0,5,7,0,0,0,0,0,0,0,0,0,0,3,NT,17.0,0.0,"Trower Rd [NE], Bagot Rd [SW], Nightcliff Rd [NW]",Darwin,-12.388682,20,10,30,19,23,42,12,18,30,0,0,0,0,0,0,130.856523,0,8573,2025
29/07/2025,3,6,0,0,1,2,0,0,13,14,0,0,0,0,0,0,0,0,0,0,3,NT,14.0,0.0,"McMillans Rd [SE], Amy Johnson Ave Footpath and Road [SW], McMillans Rd [NW]",Darwin,-12.406401,9,14,23,3,17,20,27,8,35,0,0,0,0,0,0,130.916312,0,8572,2025
12/08/2025,0,0,0,0,0,3,0,0,2,3,0,0,0,0,0,0,0,0,0,0,3,NT,3.5,0.0,"Benison Rd [N], Tiger Brennan Dr [E], Tiger Brennan Dr [W]",Darwin,-12.432987,0,2,2,3,3,6,5,3,8,0,0,0,0,0,0,130.860141,0,8571,2025
5/08/2025,14,0,0,0,5,0,5,0,0,4,1,0,0,16,4,0,0,0,0,0,4,NT,22.0,0.0,"Tiger Brennan Rd Path [NE], Woolner Rd [S], Unofficial Path to Flinders Dr [W], Woolner Rd [NW]",Darwin,-12.441461,14,5,19,10,34,44,5,4,9,20,6,26,0,0,0,130.848561,0,8570,2025
12/08/2025,3,3,0,0,6,12,0,0,1,9,0,0,0,0,0,0,0,0,0,0,3,NT,14.0,10.0,"McMillans Rd [NE], Stuart Hwy [SE], Stuart Hwy [NW]",Palmerston,-12.444442,6,7,13,18,12,30,10,15,25,0,0,0,0,0,0,130.952575,0,5500,2025
12/08/2025,5,1,0,0,5,1,0,0,1,0,0,0,0,0,0,0,0,0,0,0,3,NT,6.5,0.0,"Elrundie Ave [N], Tilston Ave [E], Elrundie Ave [SW]",Palmerston,-12.494372,6,6,12,6,5,11,1,2,3,0,0,0,0,0,0,130.968777,0,8578,2025
19/08/2025,1,4,1,0,1,1,3,0,2,0,0,0,0,0,1,0,0,0,0,0,4,NT,5.5,-8.0,"Temple Terrace [NE], Farrar Boulevard [SE], Temple Terrace [SW], Toupein Road [NW]",Palmerston,-12.476771,6,3,9,5,1,6,2,6,8,1,4,5,0,0,0,130.99263,0,6951,2025
19/08/2025,0,0,0,0,0,0,0,0,0,0,0,0,0,0,0,0,0,0,0,0,4,NT,0.0,0.0,"Tulagi Rd [N], Stuart Hwy [E], Shared Path [S], Stuart Hwy [W]",Palmerston,-12.470832,0,0,0,0,0,0,0,0,0,0,0,0,0,0,0,130.989802,0,8576,2025
5/08/2025,14,0,0,0,0,3,3,0,0,2,1,0,0,2,1,0,0,0,0,0,4,NT,5.5,-21.0,"Bagot Rd [N], Osgood Dr [E], Bagot Rd [S], Totem Rd [W]",Darwin,-12.402638,14,0,14,6,18,24,3,4,7,3,4,7,0,0,0,130.856105,0,5514,2025
29/07/2025,0,9,4,0,0,1,2,0,12,0,0,0,2,1,2,0,0,0,0,0,4,NT,9.0,25.0,"Bagot Rd [N], Old McMillans Rd [E], Bagot Rd [S], Old McMillans Rd [W]",Darwin,-12.395324,13,14,27,3,1,4,12,12,24,5,6,11,0,0,0,130.856016,1,5515,2025
29/07/2025,2,14,0,0,4,1,0,0,6,3,0,0,0,0,0,0,0,0,0,0,3,NT,10.0,5.0,"Trower Rd [NE], Sabine Rd [SE], Trower Rd [SW]",Darwin,-12.387763,16,10,26,5,5,10,9,15,24,0,0,0,0,0,0,130.858441,1,5516,2025
5/08/2025,31,3,1,0,5,0,1,0,3,0,0,0,4,2,0,0,0,0,0,0,4,NT,13.0,20.0,"McMillans Rd & McMillans Rd Path [E], McMillans Rd [SW], Path to Old McMillans Rd [W], Sabine Rd [NW]",Darwin,-12.39561,35,12,47,6,33,39,3,3,6,6,2,8,0,0,0,130.862539,1,5517,2025
29/07/2025,5,12,21,0,9,0,8,0,4,1,0,0,11,6,0,0,0,0,0,0,4,NT,31.0,17.0,"Trower Rd [E], Rapid Creek Rd [S], Trower Rd [W], Rapid Creek Rd [N]",Darwin,-12.385471,38,24,62,17,12,29,5,12,17,17,29,46,0,0,0,130.864514,0,5518,2025
5/08/2025,1,7,0,0,0,4,2,0,13,0,0,0,0,0,0,0,0,0,0,0,4,NT,12.0,-9.0,"Trower Rd [N], Vanderlin Dr [E], Trower Rd [S], Casuarina Shops [W]",Darwin,-12.375801,8,13,21,6,1,7,13,11,24,0,2,2,0,0,0,130.88271,0,5519,2025
29/07/2025,7,2,1,0,4,6,0,0,5,2,2,0,1,6,1,0,0,0,0,0,4,NT,15.0,1.0,"Lee Point Rd [N], Vanderlin Dr [E], Lee Point Rd [S], Vanderlin Rd [W]",Darwin,-12.377512,10,10,20,10,15,25,9,9,18,8,3,11,0,0,0,130.890756,0,5520,2025
29/07/2025,1,6,0,0,1,0,0,0,12,4,0,0,0,0,0,0,0,0,0,0,3,NT,9.0,1.0,"Vanderlin Dr/Bike Path [SE], Mueller Rd [SW], Vanderlin Dr/Bike Path [NW]",Darwin,-12.390698,7,13,20,1,5,6,16,6,22,0,0,0,0,0,0,130.911463,0,5521,2025
29/07/2025,5,1,0,0,11,4,3,0,4,3,1,0,0,1,0,0,0,0,0,0,4,NT,8.5,-6.0,"Vanderlin Dr [N], McMillans Rd [SE], Vanderlin Dr [S], McMillans Rd [NW]",Darwin,-12.410151,6,15,21,18,9,27,8,5,13,1,4,5,0,0,0,130.922994,0,5523,2025
29/07/2025,1,29,5,0,0,0,0,0,9,3,0,0,4,6,0,0,0,0,0,0,4,NT,15.0,11.0,"McMillans Rd [E], Charles Eaton Dr [SE], McMillans Rd [W], Rapid Crk Cyclepath [NW]",Darwin,-12.395447,35,13,48,0,10,10,12,29,41,10,5,15,0,0,0,130.871723,0,5524,2025
29/07/2025,2,4,2,0,1,2,28,0,0,0,1,0,0,8,0,0,0,0,0,0,4,NT,12.0,2.0,"Rothdale Rd [N], McMillans Rd [E], Henry Wrigley Dr [S], McMillans Rd [W]",Darwin,-12.395413,8,1,9,31,10,41,1,6,7,8,31,39,0,0,0,130.878263,2,5525,2025
29/07/2025,3,3,2,0,1,0,24,0,1,0,0,0,4,9,0,0,0,0,0,0,4,NT,9.0,0.0,"Lee Point Rd [N], McMillans Rd [E], Marrara Dr [S], McMillans Rd [W]",Darwin,-12.39541,8,6,14,25,12,37,1,3,4,13,26,39,0,0,0,130.882965,1,5526,2025
5/08/2025,4,0,0,0,0,0,0,0,4,0,0,0,0,0,0,0,0,0,0,0,4,NT,5.5,-7.0,"University Ave [E], Elrundie Ave [S], Kirkland Rd [W], Hedley Pl [N]",Palmerston,-12.481,4,4,8,0,4,4,4,0,4,0,0,0,0,0,0,130.97,0,7128,2025
29/07/2025,0,13,0,0,0,0,0,0,15,0,0,0,0,0,0,0,0,0,0,0,4,NT,13.0,0.0,"Coolalinga Shared Path [NE], Gravel path [SE], Path towards Grice Cres [SW], Gravel path [NW]",Palmerston,-12.516732,13,15,28,0,0,0,15,13,28,0,0,0,0,0,0,131.041846,0,8580,2025
29/07/2025,0,2,0,0,0,0,0,0,1,0,0,0,0,0,0,0,0,0,0,0,3,NT,1.5,0.0,"Chung Wah Terrace [NE], Elrundie Ave. [SE], Elrundie Ave. [NW]",Palmerston,-12.516414,2,1,3,0,0,0,1,2,3,0,0,0,0,0,0,130.975273,0,8579,2025
29/07/2025,0,0,0,0,0,1,13,0,4,13,4,0,1,14,6,0,0,0,0,0,4,NT,26.5,18.0,"Howard Springs Rd [NE], Howard Springs shared path [SE], Howard Springs Rd [SW], Howard Springs shared path [NW]",Palmerston,-12.493,0,5,5,14,27,41,21,7,28,21,17,38,0,0,0,131.019,0,7129,2025
12/08/2025,33,2,0,0,18,0,0,0,1,0,0,0,0,0,0,0,0,0,0,0,3,NT,8.5,13.0,"Bagot Rd [N], Bagot Rd [S], Fitzer Dr [W]",Darwin,-12.410494,35,19,54,18,33,51,1,2,3,0,0,0,0,0,0,130.856116,3,5513,2025
29/07/2025,2,6,1,0,1,0,1,0,11,5,4,0,5,4,15,0,0,0,0,0,4,NT,20.0,6.0,"Stuart Hwy [NE], Snell St [SE], Stuart Hwy [SW], Bagot Rd [N]",Darwin,-12.429357,9,17,26,2,11,13,20,21,41,24,6,30,0,0,0,130.856979,2,5512,2025
5/08/2025,33,0,0,0,14,0,0,0,2,4,0,0,0,0,0,0,0,0,0,0,3,NT,18.0,-15.0,"Stuart Hwy [NE], Stuart Hwy [SW], Ross Smith Ave [NW]",Darwin,-12.432985,33,16,49,14,37,51,6,0,6,0,0,0,0,0,0,130.849083,0,5511,2025
29/07/2025,19,3,1,0,13,0,2,0,1,0,1,0,0,10,12,0,0,0,0,0,4,NT,24.5,-1.0,"Stuart Hwy [E], Stuart Hwy [SW], Stokes St [W], Parap Rd [N]",Darwin,-12.435826,23,14,37,15,29,44,2,15,17,22,4,26,0,0,0,130.843351,0,5510,2025
12/08/2025,0,2,0,0,0,6,11,0,4,2,0,0,1,1,6,0,0,0,0,0,4,NT,11.0,-1.0,"Tiger Brennan Dr [NE], Stoddart Dr [SE], Tiger Brennan Dr [SW], Woolner Rd [NW]",Darwin,-12.43842,2,5,7,17,3,20,6,14,20,8,11,19,0,0,0,130.850134,1,5509,2025
29/07/2025,2,39,0,0,7,1,0,0,32,0,0,0,0,0,0,0,0,0,0,0,3,NT,33.0,23.0,"Stuart Hwy/Bike Path [N], Westralia St [E], Stuart Hwy/Bike Path [S]",Darwin,-12.445064,41,39,80,8,2,10,32,40,72,0,0,0,0,0,0,130.84106,5,5508,2025
29/07/2025,0,0,18,3,0,1,16,0,2,1,2,1,9,8,0,1,1,0,0,7,5,NT,24.0,8.0,"Stuart Hwy path [N], Stuart Hwy [NE], McMinn St [SE], Daly St [SW], McMinn St [NW]",Darwin,-12.454653,21,12,33,17,9,26,6,1,7,18,43,61,8,5,13,130.839183,0,5507,2025
5/08/2025,0,4,0,0,0,2,2,0,1,9,1,0,1,2,0,0,0,0,0,0,4,NT,7.0,0.0,"Tiger Brennan Dr [NE], McMinn St [SE], Bennett St [SW], McMinn St [N]",Darwin,-12.462408,4,2,6,4,11,15,11,6,17,3,3,6,0,0,0,130.84573,0,5506,2025
