Count_Date,Leg1-2,Leg1-3,Leg1-4,Leg1-5,Leg1-6,Leg2-1,Leg2-3,Leg2-4,Leg2-5,Leg2-6,Leg3-1,Leg3-2,Leg3-4,Leg3-5,Leg3-6,Leg4-1,Leg4-2,Leg4-3,Leg4-5,Leg4-6,Leg5-1,Leg5-2,Leg5-3,Leg5-4,Leg5-6,Leg6-1,Leg6-2,Leg6-3,Leg6-4,Leg6-5,Legs,State,Trips/hour,comparison,description,electorate,latitude,leg1_enter,leg1_exit,leg1_total,leg2_enter,leg2_exit,leg2_total,leg3_enter,leg3_exit,leg3_total,leg4_enter,leg4_exit,leg4_total,leg5_enter,leg5_exit,leg5_total,leg6_enter,leg6_exit,leg6_total,longitude,not known,site_id,year
2019-09-03,4.0,1.0,,,,1.0,7.0,,,,3.0,37.0,,,,,,,,,,,,,,,,,,,3.0,NT,23.0,-0.070175439,"Peel St [NE], Esplanade [SE], Esplanade [NW]",Darwin,-12.463135,5.0,4.0,9.0,8.0,41.0,49.0,40.0,8.0,48.0,,,,,,,,,,130.837902,0,5467.0,2019
2019-09-03,5.0,7.0,4.0,,,1.0,0.0,4.0,,,1.0,1.0,10.0,,,5.0,18.0,29.0,,,,,,,,,,,,,4.0,NT,44.8,-0.04494382,"Daly St [NE], Mitchell St [SE], Daly St [SW], Mitchell St [NW]",Darwin,-12.458635,16.0,7.0,23.0,5.0,24.0,29.0,12.0,36.0,48.0,52.0,18.0,70.0,,,,,,,130.835209,10,5468.0,2019
2019-09-03,14.0,10.0,5.0,,,1.0,1.0,5.0,,,6.0,0.0,2.0,,,7.0,22.0,6.0,,,,,,,,,,,,,4.0,NT,42.0,-0.05952381,"Daly St [NE], Smith St [SE], Daly St [SW], Smith St [NW]",Darwin,-12.457703,29.0,14.0,43.0,7.0,36.0,43.0,8.0,17.0,25.0,35.0,12.0,47.0,,,,,,,130.836128,1,5469.0,2019
2019-09-24,20.0,24.0,1.0,,,5.0,1.0,4.0,,,8.0,1.0,1.0,,,4.0,15.0,2.0,,,,,,,,,,,,,4.0,NT,48.4,-0.011494253,"Daly St [NE], Cavenagh St [SE], Daly St [SW], Gardens Rd [NW]",Darwin,-12.456674,45.0,17.0,62.0,10.0,36.0,46.0,10.0,27.0,37.0,21.0,6.0,27.0,,,,,,,130.837168,1,5470.0,2019
2019-09-03,5.0,13.0,1.0,,,3.0,1.0,3.0,,,7.0,0.0,1.0,,,7.0,4.0,2.0,,,,,,,,,,,,,4.0,NT,25.0,-0.253968254,"Gilruth Ave [N], Smith St [SE], Lambell Tce [SW], Kahlin Ave [NW]",Darwin,-12.452352,19.0,17.0,36.0,7.0,9.0,16.0,8.0,16.0,24.0,13.0,5.0,18.0,,,,,,,130.830522,1,5471.0,2019
2019-09-03,0.0,2.0,9.0,0.0,,0.0,10.0,11.0,0.0,,2.0,3.0,1.0,0.0,,13.0,4.0,0.0,0.0,,1.0,0.0,0.0,0.0,,,,,,,5.0,NT,31.6,0.166666667,"Atkins Dr [N], Gilruth Ave [NE], Gardens Rd [SE], Gilruth Ave [S], Maria Liveris Dr [SW]",Darwin,-12.444327,11.0,16.0,27.0,21.0,7.0,28.0,6.0,12.0,18.0,17.0,21.0,38.0,1.0,0.0,1.0,,,,130.834038,3,5472.0,2019
2019-09-03,1.0,30.0,7.0,,,2.0,5.0,26.0,,,14.0,2.0,17.0,,,0.0,1.0,1.0,,,,,,,,,,,,,4.0,NT,60.8,-0.131147541,"East Point Rd [N], Goyder Rd [E], Gilruth Ave [SW], Goyder Rd [W]",Darwin,-12.438015,38.0,16.0,54.0,33.0,4.0,37.0,33.0,36.0,69.0,2.0,50.0,52.0,,,,,,,130.837831,5,5473.0,2019
2019-09-03,14.0,4.0,,,,1.0,26.0,,,,9.0,32.0,,,,,,,,,,,,,,,,,,,3.0,NT,49.8,-0.054945055,"Gregory St [E], East Point Rd [S], East Point Rd [N]",Darwin,-12.432258,18.0,10.0,28.0,27.0,46.0,73.0,41.0,30.0,71.0,,,,,,,,,,130.837681,86,5474.0,2019
2019-09-03,7.0,36.0,,,,6.0,13.0,,,,20.0,19.0,,,,,,,,,,,,,,,,,,,3.0,NT,55.6,0.24691358,"Dick Ward Dr [E], Ross Smith Ave [SE], Ross Smith Ave [W]",Darwin,-12.424494,43.0,26.0,69.0,19.0,26.0,45.0,39.0,49.0,88.0,,,,,,,,,,130.838362,0,5475.0,2019
2019-09-03,10.0,48.0,,,,1.0,0.0,,,,31.0,0.0,,,,,,,,,,,,,,,,,,,3.0,NT,48.4,0.25,"Dick Ward Dr [NE], Douglas St [SE], Dick Ward Dr [SW]",Darwin,-12.42052,58.0,32.0,90.0,1.0,10.0,11.0,31.0,48.0,79.0,,,,,,,,,,130.847323,0,5476.0,2019
2019-09-03,1.0,59.0,,,,0.0,2.0,,,,26.0,0.0,,,,,,,,,,,,,,,,,,,3.0,NT,48.8,0.257142857,"Dick Ward Dr [N], Fitzer Dr [E], Dick Ward Dr [S]",Darwin,-12.410053,60.0,26.0,86.0,2.0,1.0,3.0,26.0,61.0,87.0,,,,,,,,,,130.8505,1,5477.0,2019
2019-09-03,3.0,4.0,,,,5.0,20.0,,,,1.0,20.0,,,,,,,,,,,,,,,,,,,3.0,NT,24.8,-0.053571429,"Progress Dr [E], Dick Ward Dr [S], Progress Dr [W]",Darwin,-12.387972,7.0,6.0,13.0,25.0,23.0,48.0,21.0,24.0,45.0,,,,,,,,,,130.852268,1,5478.0,2019
2019-09-03,3.0,21.0,14.0,,,10.0,5.0,2.0,,,33.0,7.0,0.0,,,11.0,1.0,0.0,,,,,,,,,,,,,4.0,NT,59.8,-0.189393939,"Casuarina Dr/Shared Path [E], Nightcliff Rd [SE], Casuarina Dr/Shared Path [SW], Foreshore Shared Path [W]",Darwin,-12.376827,38.0,54.0,92.0,17.0,11.0,28.0,40.0,26.0,66.0,12.0,16.0,28.0,,,,,,,130.849571,0,5480.0,2019
2019-09-03,3.0,12.0,0.0,,,9.0,1.0,4.0,,,7.0,1.0,2.0,,,0.0,7.0,3.0,,,,,,,,,,,,,4.0,NT,25.2,0.484848485,"Rossiter St [NE], Ryland Rd [SE], Rossiter St [SW], Ryland Rd [NW]",Darwin,-12.380754,15.0,16.0,31.0,14.0,11.0,25.0,10.0,16.0,26.0,10.0,6.0,16.0,,,,,,,130.85885,1,5481.0,2019
2019-09-03,9.0,8.0,,,,7.0,18.0,,,,11.0,9.0,,,,,,,,,,,,,,,,,,,3.0,NT,33.6,0.24,"Chapman Rd [NE], Nightcliff Rd [SE], Nightcliff Rd [NW]",Darwin,-12.384294,17.0,18.0,35.0,25.0,18.0,43.0,20.0,26.0,46.0,,,,,,,,,,130.855426,0,5482.0,2019
2019-09-03,17.0,26.0,,,,21.0,17.0,,,,81.0,7.0,,,,,,,,,,,,,,,,,,,3.0,NT,96.0,-0.137755102,"Rapid Creek Path Bridge [N], Foreshore Path [SE], Foreshore Path [W]",Darwin,-12.376238,43.0,102.0,145.0,38.0,24.0,62.0,88.0,43.0,131.0,,,,,,,,,,130.860332,1,5483.0,2019
2019-09-03,0.0,15.0,,,,16.0,8.0,,,,18.0,13.0,,,,,,,,,,,,,,,,,,,3.0,NT,41.0,-0.054054054,"Rocklands Dr [N], Trower Rd [E], Trower Rd [W]",Darwin,-12.365103,15.0,34.0,49.0,24.0,13.0,37.0,31.0,23.0,54.0,,,,,,,,,,130.87249,1,5484.0,2019
2019-09-03,0.0,13.0,24.0,,,0.0,0.0,6.0,,,6.0,1.0,28.0,,,0.0,0.0,2.0,,,,,,,,,,,,,4.0,NT,48.6,0.012658228,"Rocklands Dr [E], Roper St [S], Rocklands Dr [W], Florey Ave [N]",Darwin,-12.359174,37.0,6.0,43.0,6.0,1.0,7.0,35.0,15.0,50.0,2.0,58.0,60.0,,,,,,,130.882951,0,5485.0,2019
2019-09-03,2.0,6.0,,,,8.0,14.0,,,,9.0,2.0,,,,,,,,,,,,,,,,,,,3.0,NT,23.8,-0.327868852,"Henbury Ave [N], Tambling Tce [E], Henbury Ave [S]",Darwin,-12.365755,8.0,17.0,25.0,22.0,4.0,26.0,11.0,20.0,31.0,,,,,,,,,,130.885704,0,5486.0,2019
2019-09-03,2.0,4.0,,,,2.0,5.0,,,,14.0,1.0,,,,,,,,,,,,,,,,,,,3.0,NT,12.4,1.545454545,"Trower Rd [E], Rothdale Rd [S], Trower Rd [W]",Darwin,-12.382667,6.0,16.0,22.0,7.0,3.0,10.0,15.0,9.0,24.0,,,,,,,,,,130.876676,0,5487.0,2019
2019-09-03,1.0,8.0,9.0,,,2.0,2.0,12.0,,,8.0,0.0,4.0,,,2.0,6.0,1.0,,,,,,,,,,,,,4.0,NT,27.0,0.195652174,"Lee Point Rd [NE], Lee Point Rd [SE], Parer Dr [SW], Parer Dr [NW]",Darwin,-12.386554,18.0,12.0,30.0,16.0,7.0,23.0,12.0,11.0,23.0,9.0,25.0,34.0,,,,,,,130.886736,0,5488.0,2019
2019-09-03,1.0,0.0,28.0,0.0,,0.0,5.0,16.0,0.0,,2.0,2.0,0.0,1.0,,17.0,8.0,0.0,0.0,,2.0,0.0,4.0,3.0,,,,,,,5.0,NT,50.0,-0.101010101,"Stuart Hwy path [N], Stuart Hwy [NE], McMinn St [SE], Daly St [SW], McMinn St [NW]",Darwin,-12.454653,29.0,21.0,50.0,21.0,11.0,32.0,5.0,9.0,14.0,25.0,47.0,72.0,9.0,1.0,10.0,,,,130.839183,1,5507.0,2019
2019-09-24,1.0,49.0,,,,5.0,0.0,,,,39.0,3.0,,,,,,,,,,,,,,,,,,,3.0,NT,54.4,-0.067307692,"Stuart Hwy/Bike Path [N], Westralia St [E], Stuart Hwy/Bike Path [S]",Darwin,-12.445064,50.0,44.0,94.0,5.0,4.0,9.0,42.0,49.0,91.0,,,,,,,,,,130.84106,0,5508.0,2019
2019-09-03,2.0,5.0,0.0,,,0.0,4.0,5.0,,,4.0,2.0,2.0,,,1.0,2.0,3.0,,,,,,,,,,,,,4.0,NT,16.0,-0.117647059,"Tiger Brennan Dr [NE], Stoddart Dr [SE], Tiger Brennan Dr [SW], Woolner Rd [NW]",Darwin,-12.43842,7.0,5.0,12.0,9.0,6.0,15.0,8.0,12.0,20.0,6.0,7.0,13.0,,,,,,,130.850134,0,5509.0,2019
2019-09-03,40.0,0.0,2.0,,,25.0,1.0,8.0,,,0.0,0.0,0.0,,,3.0,16.0,1.0,,,,,,,,,,,,,4.0,NT,51.0,-0.172413793,"Stuart Hwy [E], Stuart Hwy [SW], Stokes St [W], Parap Rd [N]",Darwin,-12.435826,42.0,28.0,70.0,34.0,56.0,90.0,0.0,2.0,2.0,20.0,10.0,30.0,,,,,,,130.843351,4,5510.0,2019
2019-09-03,68.0,0.0,0.0,,,0.0,0.0,0.0,,,0.0,0.0,0.0,,,0.0,18.0,10.0,,,,,,,,,,,,,4.0,NT,53.6,0.230769231,"Stuart Hwy [NE], Snell St [SE], Stuart Hwy [SW], Bagot Rd [N]",Darwin,-12.429357,68.0,0.0,68.0,0.0,86.0,86.0,0.0,10.0,10.0,28.0,0.0,28.0,,,,,,,130.856979,0,5512.0,2019
2019-09-03,36.0,3.0,,,,15.0,0.0,,,,1.0,2.0,,,,,,,,,,,,,,,,,,,3.0,NT,25.4,-0.080645161,"Bagot Rd [N], Bagot Rd [S], Fitzer Dr [W]",Darwin,-12.410494,39.0,16.0,55.0,15.0,38.0,53.0,3.0,3.0,6.0,,,,,,,,,,130.856116,0,5513.0,2019
2019-09-03,16.0,0.0,0.0,,,0.0,0.0,15.0,,,0.0,4.0,4.0,,,0.0,17.0,4.0,,,,,,,,,,,,,4.0,NT,28.2,0.578947368,"Osgood Dr [E], Bagot Rd [S], Totem Rd [W], Bagot Rd [N]",Darwin,-12.402638,16.0,0.0,16.0,15.0,37.0,52.0,8.0,4.0,12.0,21.0,19.0,40.0,,,,,,,130.856105,0,5514.0,2019
2019-09-03,1.0,13.0,1.0,,,1.0,4.0,0.0,,,18.0,4.0,0.0,,,0.0,1.0,1.0,,,,,,,,,,,,,4.0,NT,23.6,0.466666667,"Bagot Rd [N], Old McMillans Rd [E], Bagot Rd [S], Old McMillans Rd [W]",Darwin,-12.395324,15.0,19.0,34.0,5.0,6.0,11.0,22.0,18.0,40.0,2.0,1.0,3.0,,,,,,,130.856016,1,5515.0,2019
2019-09-03,5.0,9.0,,,,2.0,1.0,,,,11.0,1.0,,,,,,,,,,,,,,,,,,,3.0,NT,15.0,-0.30952381,"Trower Rd [NE], Sabine Rd [SE], Trower Rd [SW]",Darwin,-12.387763,14.0,13.0,27.0,3.0,6.0,9.0,12.0,10.0,22.0,,,,,,,,,,130.858441,0,5516.0,2019
2019-09-03,37.0,4.0,,,,9.0,2.0,,,,0.0,2.0,,,,,,,,,,,,,,,,,,,3.0,NT,26.4,0.018867925,"McMillans Rd [E], McMillans Rd [SW], Sabine Rd [NW]",Darwin,-12.39561,41.0,9.0,50.0,11.0,39.0,50.0,2.0,6.0,8.0,,,,,,,,,,130.862539,0,5517.0,2019
2019-09-03,0.0,21.0,16.0,,,5.0,0.0,7.0,,,11.0,0.0,1.0,,,14.0,7.0,1.0,,,,,,,,,,,,,4.0,NT,43.2,-0.06741573,"Trower Rd [E], Rapid Creek Rd [S], Trower Rd [W], Rapid Creek Rd [N]",Darwin,-12.385471,37.0,30.0,67.0,12.0,7.0,19.0,12.0,22.0,34.0,22.0,24.0,46.0,,,,,,,130.864514,0,5518.0,2019
2019-09-03,1.0,11.0,0.0,,,9.0,15.0,0.0,,,13.0,1.0,0.0,,,1.0,0.0,0.0,,,,,,,,,,,,,4.0,NT,24.0,0.307692308,"Trower Rd [N], Vanderlin Dr [E], Trower Rd [S], Casuarina Shops [W]",Darwin,-12.375801,12.0,23.0,35.0,24.0,2.0,26.0,14.0,26.0,40.0,1.0,0.0,1.0,,,,,,,130.88271,1,5519.0,2019
2019-09-03,6.0,6.0,4.0,,,1.0,1.0,4.0,,,4.0,3.0,2.0,,,1.0,5.0,6.0,,,,,,,,,,,,,4.0,NT,24.4,0.131578947,"Lee Point Rd [N], Vanderlin Dr [E], Lee Point Rd [S], Vanderlin Rd [W]",Darwin,-12.377512,16.0,6.0,22.0,6.0,14.0,20.0,9.0,13.0,22.0,12.0,10.0,22.0,,,,,,,130.890756,3,5520.0,2019
2019-09-03,2.0,18.0,,,,0.0,3.0,,,,15.0,8.0,,,,,,,,,,,,,,,,,,,3.0,NT,21.0,0.916666667,"Vanderlin Dr/Bike Path [SE], Mueller Rd [SW], Vanderlin Dr/Bike Path [NW]",Darwin,-12.390698,20.0,15.0,35.0,3.0,10.0,13.0,23.0,21.0,44.0,,,,,,,,,,130.911463,0,5521.0,2019
2019-09-03,7.0,5.0,3.0,,,7.0,3.0,19.0,,,2.0,0.0,1.0,,,7.0,7.0,11.0,,,,,,,,,,,,,4.0,NT,26.4,0.8,"Vanderlin Dr [N], McMillans Rd [SE], Vanderlin Dr [S], McMillans Rd [NW]",Darwin,-12.410151,15.0,16.0,31.0,29.0,14.0,43.0,3.0,19.0,22.0,25.0,23.0,48.0,,,,,,,130.922994,1,5523.0,2019
2019-09-03,1.0,36.0,1.0,,,0.0,0.0,1.0,,,12.0,0.0,1.0,,,4.0,4.0,0.0,,,,,,,,,,,,,4.0,NT,27.8,0.0,"McMillans Rd [E], Charles Eaton Dr [SE], McMillans Rd [W], Rapid Crk Cyclepath [NW]",Darwin,-12.395447,38.0,16.0,54.0,1.0,5.0,6.0,13.0,36.0,49.0,8.0,3.0,11.0,,,,,,,130.871723,4,5524.0,2019
2019-09-03,5.0,3.0,8.0,,,1.0,0.0,31.0,,,1.0,0.0,0.0,,,3.0,13.0,0.0,,,,,,,,,,,,,4.0,NT,25.8,0.710526316,"Rothdale Rd [N], McMillans Rd [E], Henry Wrigley Dr [S], McMillans Rd [W]",Darwin,-12.395413,16.0,5.0,21.0,32.0,18.0,50.0,1.0,3.0,4.0,16.0,39.0,55.0,,,,,,,130.878263,0,5525.0,2019
2019-09-03,3.0,4.0,1.0,,,1.0,0.0,26.0,,,1.0,0.0,1.0,,,2.0,12.0,1.0,,,,,,,,,,,,,4.0,NT,22.6,-0.018867925,"Lee Point Rd [N], McMillans Rd [E], Marrara Dr [S], McMillans Rd [W]",Darwin,-12.39541,8.0,4.0,12.0,27.0,15.0,42.0,2.0,5.0,7.0,15.0,28.0,43.0,,,,,,,130.882965,0,5526.0,2019
2019-09-24,3.0,0.0,6.0,,,1.0,0.0,23.0,,,0.0,0.0,0.0,,,0.0,24.0,0.0,,,,,,,,,,,,,4.0,NT,27.6,0.5,"Amy Johnson Ave [N], Stuart Hwy [E], Amy Johnson Ave [SW], Stuart Hwy [W]",Darwin,-12.427641,9.0,1.0,10.0,24.0,27.0,51.0,0.0,0.0,0.0,24.0,29.0,53.0,,,,,,,130.907681,2,5527.0,2019
2019-09-24,0.0,6.0,1.0,,,2.0,5.0,7.0,,,1.0,0.0,0.0,,,2.0,12.0,1.0,,,,,,,,,,,,,4.0,NT,18.6,-0.229166667,"Vanderlin Dr [N], Stuart Hwy [E], Berrimah Rd [S], Stuart Hwy [W]",Darwin,-12.433465,7.0,5.0,12.0,14.0,12.0,26.0,1.0,12.0,13.0,15.0,8.0,23.0,,,,,,,130.923379,1,5528.0,2019
2019-09-03,23.0,10.0,,,,19.0,18.0,,,,22.0,23.0,,,,,,,,,,,,,,,,,,,3.0,NT,59.8,0.402439024,"Dick Ward Dr [E], East point Rd/Bike Path [S], East Point Rd/Bike Path [NW]",Darwin,-12.424536,33.0,41.0,74.0,37.0,46.0,83.0,45.0,28.0,73.0,,,,,,,,,,130.835473,11,5585.0,2019
2019-09-03,1.0,35.0,,,,2.0,4.0,,,,71.0,33.0,,,,,,,,,,,,,,,,,,,3.0,NT,82.4,-0.020134228,"Casuarina Foreshore Path [N], Casuarina Foreshore Path [E], Casuarina Foreshore Path [S]",Darwin,-12.371739,36.0,73.0,109.0,6.0,34.0,40.0,104.0,39.0,143.0,,,,,,,,,,130.863139,1,5981.0,2019
2019-09-03,0.0,1.0,,,,1.0,2.0,,,,12.0,2.0,,,,,,,,,,,,,,,,,,,3.0,NT,8.4,0.058823529,"Rothdale Rd [S], Freshwater Rd [W], Rothdale Rd [N]",Darwin,-12.391632,1.0,13.0,14.0,3.0,2.0,5.0,14.0,3.0,17.0,,,,,,,,,,130.877968,0,6188.0,2019
2019-09-03,25.0,22.0,,,,7.0,7.0,,,,0.0,3.0,,,,,,,,,,,,,,,,,,,3.0,NT,39.6,0.28,"Lee Point Rd [N], Lee Point Rd [S], Tambling Tce [W]",Darwin,-12.366516,47.0,7.0,54.0,14.0,28.0,42.0,3.0,29.0,32.0,,,,,,,,,,130.892152,1,6808.0,2019
2019-09-03,0.0,9.0,14.0,0.0,,0.0,8.0,3.0,2.0,,1.0,3.0,0.0,0.0,,2.0,0.0,0.0,0.0,,1.0,1.0,2.0,0.0,,,,,,,5.0,NT,22.0,0.277777778,"Tiger Brennan Drive north bound [N], Frances Bay Drive north bound [NE], Frances Bay Drive south bound [S], Tiger Brennan Drive south bound [SW], Dinah Beach Rd [W]",Darwin,-12.45294,23.0,4.0,27.0,13.0,4.0,17.0,4.0,19.0,23.0,2.0,17.0,19.0,4.0,2.0,6.0,,,,130.847549,0,6949.0,2019
2019-09-03,7.0,10.0,,,,8.0,5.0,,,,6.0,2.0,,,,,,,,,,,,,,,,,,,3.0,NT,17.4,0.027027027,"Dripstone Rd [SE], Lakeside Dr [SW], Dripstone Rd [NW]",Darwin,-12.374524,17.0,14.0,31.0,13.0,9.0,22.0,8.0,15.0,23.0,,,,,,,,,,130.87454,0,7123.0,2019
2019-09-03,0.0,3.0,0.0,,,0.0,0.0,0.0,,,1.0,0.0,0.0,,,0.0,1.0,0.0,,,,,,,,,,,,,4.0,NT,3.0,,"Berrimah Rd [N], Tiger Brennan Dr [E], Berrimah Rd [S], Tiger Brennan Dr [W]",Darwin,-12.45,3.0,1.0,4.0,0.0,1.0,1.0,1.0,3.0,4.0,1.0,0.0,1.0,,,,,,,130.9235,0,7130.0,2019
2019-09-03,2.0,5.0,7.0,,,1.0,0.0,26.0,,,6.0,3.0,7.0,,,16.0,8.0,3.0,,,,,,,,,,,,,4.0,NT,45.0,0.423728814,"Fox Cr [NE], Nightcliff Rd [SE], Camphor St [SW], Nightcliff Rd [NW]",Darwin,-12.382654,14.0,23.0,37.0,27.0,13.0,40.0,16.0,8.0,24.0,27.0,40.0,67.0,,,,,,,130.853932,1,7249.0,2019
2019-09-04,17.0,0.0,2.0,,,3.0,0.0,8.0,,,0.0,0.0,0.0,,,2.0,7.0,0.0,,,,,,,,,,,,,4.0,NT,19.2,,"Garramilla Blvd [NE], McMinn St [SE], Garramilla Blvd [SW], McMinn St [NW]",Darwin,-12.458133,19.0,5.0,24.0,11.0,24.0,35.0,0.0,0.0,0.0,9.0,10.0,19.0,,,,,,,130.8427,0,7351.0,2019
2019-09-03,11.0,3.0,,,,14.0,20.0,,,,8.0,9.0,,,,,,,,,,,,,,,,,,,3.0,NT,30.6,1.03125,"McMillans Rd [NE], Stuart Hwy [SE], Stuart Hwy [NW]",Palmerston,-12.444442,14.0,22.0,36.0,34.0,20.0,54.0,17.0,23.0,40.0,,,,,,,,,,130.952575,0,5500.0,2019
2019-09-03,0.0,8.0,,,,0.0,7.0,,,,2.0,5.0,,,,,,,,,,,,,,,,,,,3.0,NT,11.2,0.222222222,"Roystonea Ave [SE], University Ave [SW], Roystonea Ave [NW]",Palmerston,-12.475906,8.0,2.0,10.0,7.0,5.0,12.0,7.0,15.0,22.0,,,,,,,,,,130.985374,0,5501.0,2019
2019-09-03,4.0,5.0,0.0,,,1.0,4.0,6.0,,,3.0,2.0,0.0,,,1.0,15.0,0.0,,,,,,,,,,,,,4.0,NT,21.2,-0.023809524,"Roystonea Ave [N], Lambrick Ave [E], Roystonea Ave [S], Lambrick Ave [W]",Palmerston,-12.502173,9.0,5.0,14.0,11.0,21.0,32.0,5.0,9.0,14.0,16.0,6.0,22.0,,,,,,,130.998955,0,5982.0,2019
2019-09-03,0.0,0.0,0.0,,,0.0,6.0,5.0,,,3.0,1.0,6.0,,,0.0,4.0,5.0,,,,,,,,,,,,,4.0,NT,16.8,0.034482759,"Lambrick Ave [E], Zuccoli Pde [S], Lambrick Ave [W], Farrar Blvd [N]",Palmerston,-12.501095,0.0,3.0,3.0,11.0,5.0,16.0,10.0,11.0,21.0,9.0,11.0,20.0,,,,,,,131.006133,1,6566.0,2019
2019-09-03,0.0,1.0,1.0,,,0.0,0.0,4.0,,,2.0,1.0,6.0,,,0.0,3.0,0.0,,,,,,,,,,,,,4.0,NT,6.8,0.058823529,"Temple Tce [NE], Roystonea Ave/Footpath [SE], Temple Tce/Footpath [SW], Roystonea Ave/Footpath [NW]",Palmerston,-12.479334,2.0,2.0,4.0,4.0,4.0,8.0,9.0,1.0,10.0,3.0,11.0,14.0,,,,,,,130.988479,1,6807.0,2019
2019-09-03,0.0,1.0,0.0,,,5.0,0.0,1.0,,,2.0,0.0,0.0,,,0.0,0.0,0.0,,,,,,,,,,,,,4.0,NT,2.8,-0.181818182,"Temple Terrace [NE], Farrar Boulevard [SE], Temple Terrace [SW], Toupein Road [NW]",Palmerston,-12.476771,1.0,7.0,8.0,6.0,0.0,6.0,2.0,1.0,3.0,0.0,1.0,1.0,,,,,,,130.99263,0,6951.0,2019
2019-09-03,2.0,1.0,1.0,,,13.0,0.0,6.0,,,4.0,3.0,3.0,,,0.0,1.0,1.0,,,,,,,,,,,,,4.0,NT,15.8,0.4,"Yarrawonga Rd [NE], Roystonea Ave [SE], Packard Ave [W], Roystonea Ave [NW]",Palmerston,-12.473,4.0,17.0,21.0,19.0,6.0,25.0,10.0,2.0,12.0,2.0,10.0,12.0,,,,,,,130.983,0,7127.0,2019
2019-09-03,2.0,0.0,,,,1.0,0.0,,,,1.0,0.0,,,,,,,,,,,,,,,,,,,3.0,NT,1.6,-0.5,"University Ave [E], Elrundie Ave [S], Kirkland Rd [W]",Palmerston,-12.481,2.0,2.0,4.0,1.0,2.0,3.0,1.0,0.0,1.0,,,,,,,,,,130.97,0,7128.0,2019
2019-09-03,0.0,0.0,0.0,,,0.0,0.0,6.0,,,2.0,2.0,3.0,,,0.0,0.0,5.0,,,,,,,,,,,,,4.0,NT,5.4,0.125,"Howard Springs Rd [NE], Howard Springs shared path [SE], Howard Springs Rd [SW], Howard Springs shared path [NW]",Palmerston,-12.493,0.0,2.0,2.0,6.0,2.0,8.0,7.0,5.0,12.0,5.0,9.0,14.0,,,,,,,131.019,5,7129.0,2019
2021-07-27,1.0,1.0,,,,0.0,5.0,,,,1.0,21.0,,,,,,,,,,,,,,,,,,,3.0,NT,14.4,-0.452830189,"Peel St [NE], Esplanade [SE], Esplanade [NW]",Darwin,-12.463135,2.0,1.0,3.0,5.0,22.0,27.0,22.0,6.0,28.0,,,,,,,,,,130.837902,0,5467.0,2021
2021-07-27,7.0,8.0,5.0,,,1.0,0.0,2.0,,,3.0,0.0,7.0,,,2.0,10.0,7.0,,,,,,,,,,,,,4.0,NT,29.4,-0.388235294,"Daly St [NE], Mitchell St [SE], Daly St [SW], Mitchell St [NW]",Darwin,-12.458635,20.0,6.0,26.0,3.0,17.0,20.0,10.0,15.0,25.0,19.0,14.0,33.0,,,,,,,130.835209,0,5468.0,2021
2021-07-27,5.0,16.0,11.0,,,1.0,4.0,7.0,,,1.0,2.0,0.0,,,3.0,29.0,5.0,,,,,,,,,,,,,4.0,NT,44.8,0.063291139,"Daly St [NE], Smith St [SE], Daly St [SW], Smith St [NW]",Darwin,-12.457703,32.0,5.0,37.0,12.0,36.0,48.0,3.0,25.0,28.0,37.0,18.0,55.0,,,,,,,130.836128,1,5469.0,2021
2021-07-27,9.0,26.0,0.0,,,2.0,0.0,4.0,,,3.0,4.0,1.0,,,2.0,16.0,5.0,,,,,,,,,,,,,4.0,NT,38.8,-0.162790698,"Daly St [NE], Cavenagh St [SE], Daly St [SW], Gardens Rd [NW]",Darwin,-12.456674,35.0,7.0,42.0,6.0,29.0,35.0,8.0,31.0,39.0,23.0,5.0,28.0,,,,,,,130.837168,1,5470.0,2021
2021-07-27,9.0,10.0,1.0,,,12.0,0.0,5.0,,,5.0,2.0,2.0,,,11.0,5.0,1.0,,,,,,,,,,,,,4.0,NT,34.4,0.340425532,"Gilruth Ave [N], Smith St [SE], Lambell Tce [SW], Kahlin Ave [NW]",Darwin,-12.452352,20.0,28.0,48.0,17.0,16.0,33.0,9.0,11.0,20.0,17.0,8.0,25.0,,,,,,,130.830522,0,5471.0,2021
2021-08-24,2.0,2.0,8.0,3.0,,0.0,9.0,7.0,0.0,,4.0,8.0,0.0,0.0,,3.0,16.0,0.0,0.0,,4.0,0.0,0.0,0.0,,,,,,,5.0,NT,40.8,0.178571429,"Atkins Dr [N], Gilruth Ave [NE], Gardens Rd [SE], Gilruth Ave [S], Maria Liveris Dr [SW]",Darwin,-12.444327,15.0,11.0,26.0,16.0,26.0,42.0,12.0,11.0,23.0,19.0,15.0,34.0,4.0,3.0,7.0,,,,130.834038,0,5472.0,2021
2021-07-27,3.0,27.0,12.0,,,1.0,1.0,15.0,,,10.0,0.0,22.0,,,2.0,0.0,0.0,,,,,,,,,,,,,4.0,NT,55.0,-0.122641509,"East Point Rd [N], Goyder Rd [E], Gilruth Ave [SW], Goyder Rd [W]",Darwin,-12.438015,42.0,13.0,55.0,17.0,3.0,20.0,32.0,28.0,60.0,2.0,49.0,51.0,,,,,,,130.837831,1,5473.0,2021
2021-07-27,18.0,1.0,,,,0.0,15.0,,,,3.0,53.0,,,,,,,,,,,,,,,,,,,3.0,NT,48.0,0.046511628,"Gregory St [E], East Point Rd [S], East Point Rd [N]",Darwin,-12.432258,19.0,3.0,22.0,15.0,71.0,86.0,56.0,16.0,72.0,,,,,,,,,,130.837681,0,5474.0,2021
2021-07-27,7.0,45.0,,,,11.0,17.0,,,,31.0,24.0,,,,,,,,,,,,,,,,,,,3.0,NT,71.0,0.336633663,"Dick Ward Dr [E], Ross Smith Ave [SE], Ross Smith Ave [W]",Darwin,-12.424494,52.0,42.0,94.0,28.0,31.0,59.0,55.0,62.0,117.0,,,,,,,,,,130.838362,0,5475.0,2021
2021-08-24,7.0,52.0,,,,6.0,3.0,,,,35.0,3.0,,,,,,,,,,,,,,,,,,,3.0,NT,57.0,0.177777778,"Dick Ward Dr [NE], Douglas St [SE], Dick Ward Dr [SW]",Darwin,-12.42052,59.0,41.0,100.0,9.0,10.0,19.0,38.0,55.0,93.0,,,,,,,,,,130.847323,0,5476.0,2021
2021-08-24,1.0,62.0,,,,1.0,3.0,,,,41.0,2.0,,,,,,,,,,,,,,,,,,,3.0,NT,58.6,0.25,"Dick Ward Dr [N], Fitzer Dr [E], Dick Ward Dr [S]",Darwin,-12.410053,63.0,42.0,105.0,4.0,3.0,7.0,43.0,65.0,108.0,,,,,,,,,,130.8505,0,5477.0,2021
2021-07-27,14.0,4.0,,,,17.0,28.0,,,,8.0,28.0,,,,,,,,,,,,,,,,,,,3.0,NT,49.6,0.867924528,"Progress Dr [E], Dick Ward Dr [S], Progress Dr [W]",Darwin,-12.387972,18.0,25.0,43.0,45.0,42.0,87.0,36.0,32.0,68.0,,,,,,,,,,130.852268,0,5478.0,2021
2021-07-27,3.0,29.0,15.0,,,7.0,0.0,2.0,,,33.0,6.0,0.0,,,23.0,4.0,0.0,,,,,,,,,,,,,4.0,NT,67.0,0.140186916,"Casuarina Dr/Shared Path [E], Nightcliff Rd [SE], Casuarina Dr/Shared Path [SW], Foreshore Shared Path [W]",Darwin,-12.376827,47.0,63.0,110.0,9.0,13.0,22.0,39.0,29.0,68.0,27.0,17.0,44.0,,,,,,,130.849571,0,5480.0,2021
2021-08-24,0.0,5.0,3.0,,,5.0,3.0,6.0,,,13.0,0.0,0.0,,,2.0,2.0,0.0,,,,,,,,,,,,,4.0,NT,21.2,-0.204081633,"Rossiter St [NE], Ryland Rd [SE], Rossiter St [SW], Ryland Rd [NW]",Darwin,-12.380754,8.0,20.0,28.0,14.0,2.0,16.0,13.0,8.0,21.0,4.0,9.0,13.0,,,,,,,130.85885,0,5481.0,2021
2021-07-27,3.0,4.0,,,,6.0,18.0,,,,6.0,12.0,,,,,,,,,,,,,,,,,,,3.0,NT,28.2,-0.209677419,"Chapman Rd [NE], Nightcliff Rd [SE], Nightcliff Rd [NW]",Darwin,-12.384294,7.0,12.0,19.0,24.0,15.0,39.0,18.0,22.0,40.0,,,,,,,,,,130.855426,0,5482.0,2021
2021-07-27,17.0,30.0,,,,40.0,33.0,,,,71.0,25.0,,,,,,,,,,,,,,,,,,,3.0,NT,123.0,0.278106509,"Rapid Creek Path Bridge [N], Foreshore Path [SE], Foreshore Path [W]",Darwin,-12.376238,47.0,111.0,158.0,73.0,42.0,115.0,96.0,63.0,159.0,,,,,,,,,,130.860332,0,5483.0,2021
2021-07-27,4.0,13.0,,,,4.0,7.0,,,,15.0,14.0,,,,,,,,,,,,,,,,,,,3.0,NT,32.0,-0.185714286,"Rocklands Dr [N], Trower Rd [E], Trower Rd [W]",Darwin,-12.365103,17.0,19.0,36.0,11.0,18.0,29.0,29.0,20.0,49.0,,,,,,,,,,130.87249,0,5484.0,2021
2021-07-27,0.0,11.0,25.0,,,2.0,3.0,1.0,,,5.0,1.0,23.0,,,1.0,0.0,1.0,,,,,,,,,,,,,4.0,NT,40.6,-0.0875,"Rocklands Dr [E], Roper St [S], Rocklands Dr [W], Florey Ave [N]",Darwin,-12.359174,36.0,8.0,44.0,6.0,1.0,7.0,29.0,15.0,44.0,2.0,49.0,51.0,,,,,,,130.882951,0,5485.0,2021
2021-07-27,5.0,4.0,,,,30.0,7.0,,,,9.0,2.0,,,,,,,,,,,,,,,,,,,3.0,NT,29.6,0.390243902,"Henbury Ave [N], Tambling Tce [E], Henbury Ave [S]",Darwin,-12.365755,9.0,39.0,48.0,37.0,7.0,44.0,11.0,11.0,22.0,,,,,,,,,,130.885704,0,5486.0,2021
2021-07-27,1.0,4.0,,,,3.0,0.0,,,,7.0,1.0,,,,,,,,,,,,,,,,,,,3.0,NT,7.4,-0.428571429,"Trower Rd [E], Rothdale Rd [S], Trower Rd [W]",Darwin,-12.382667,5.0,10.0,15.0,3.0,2.0,5.0,8.0,4.0,12.0,,,,,,,,,,130.876676,0,5487.0,2021
2021-07-27,1.0,8.0,7.0,,,3.0,4.0,8.0,,,5.0,0.0,2.0,,,0.0,3.0,0.0,,,,,,,,,,,,,4.0,NT,18.0,-0.254545455,"Lee Point Rd [NE], Lee Point Rd [SE], Parer Dr [SW], Parer Dr [NW]",Darwin,-12.386554,16.0,8.0,24.0,15.0,4.0,19.0,7.0,12.0,19.0,3.0,17.0,20.0,,,,,,,130.886736,0,5488.0,2021
2021-07-27,0.0,0.0,22.0,1.0,,0.0,5.0,26.0,0.0,,1.0,1.0,0.0,0.0,,4.0,7.0,0.0,0.0,,3.0,0.0,1.0,5.0,,,,,,,5.0,NT,39.4,-0.146067416,"Stuart Hwy path [N], Stuart Hwy [NE], McMinn St [SE], Daly St [SW], McMinn St [NW]",Darwin,-12.454653,23.0,8.0,31.0,31.0,8.0,39.0,2.0,6.0,8.0,11.0,53.0,64.0,9.0,1.0,10.0,,,,130.839183,0,5507.0,2021
2021-07-27,3.0,51.0,,,,11.0,4.0,,,,29.0,2.0,,,,,,,,,,,,,,,,,,,3.0,NT,50.4,0.030927835,"Stuart Hwy/Bike Path [N], Westralia St [E], Stuart Hwy/Bike Path [S]",Darwin,-12.445064,54.0,40.0,94.0,15.0,5.0,20.0,31.0,55.0,86.0,,,,,,,,,,130.84106,4,5508.0,2021
2021-08-24,3.0,0.0,3.0,,,2.0,4.0,4.0,,,2.0,2.0,0.0,,,7.0,2.0,0.0,,,,,,,,,,,,,4.0,NT,15.4,-0.033333333,"Tiger Brennan Dr [NE], Stoddart Dr [SE], Tiger Brennan Dr [SW], Woolner Rd [NW]",Darwin,-12.43842,6.0,11.0,17.0,10.0,7.0,17.0,4.0,4.0,8.0,9.0,7.0,16.0,,,,,,,130.850134,2,5509.0,2021
2021-07-27,38.0,1.0,0.0,,,17.0,0.0,6.0,,,4.0,0.0,0.0,,,0.0,15.0,4.0,,,,,,,,,,,,,4.0,NT,44.2,-0.114583333,"Stuart Hwy [E], Stuart Hwy [SW], Stokes St [W], Parap Rd [N]",Darwin,-12.435826,39.0,21.0,60.0,23.0,53.0,76.0,4.0,5.0,9.0,19.0,6.0,25.0,,,,,,,130.843351,14,5510.0,2021
2021-08-24,31.0,0.0,,,,15.0,1.0,,,,0.0,5.0,,,,,,,,,,,,,,,,,,,3.0,NT,26.8,,"Stuart Hwy [NE], Stuart Hwy [SW], Ross Smith Ave [NW]",Darwin,-12.432985,31.0,15.0,46.0,16.0,36.0,52.0,5.0,1.0,6.0,,,,,,,,,,130.849083,11,5511.0,2021
2021-08-24,1.0,5.0,3.0,,,1.0,1.0,0.0,,,13.0,0.0,2.0,,,5.0,14.0,24.0,,,,,,,,,,,,,4.0,NT,30.6,-0.28125,"Stuart Hwy [NE], Snell St [SE], Stuart Hwy [SW], Bagot Rd [N]",Darwin,-12.429357,9.0,19.0,28.0,2.0,15.0,17.0,15.0,30.0,45.0,43.0,5.0,48.0,,,,,,,130.856979,0,5512.0,2021
2021-08-24,29.0,2.0,,,,13.0,1.0,,,,1.0,4.0,,,,,,,,,,,,,,,,,,,3.0,NT,20.4,-0.122807018,"Bagot Rd [N], Bagot Rd [S], Fitzer Dr [W]",Darwin,-12.410494,31.0,14.0,45.0,14.0,33.0,47.0,5.0,3.0,8.0,,,,,,,,,,130.856116,1,5513.0,2021
2021-08-24,0.0,0.0,0.0,,,0.0,1.0,13.0,,,0.0,0.0,5.0,,,0.0,14.0,1.0,,,,,,,,,,,,,4.0,NT,18.6,-0.433333333,"Osgood Dr [E], Bagot Rd [S], Totem Rd [W], Bagot Rd [N]",Darwin,-12.402638,0.0,0.0,0.0,14.0,14.0,28.0,5.0,2.0,7.0,15.0,18.0,33.0,,,,,,,130.856105,0,5514.0,2021
2021-07-27,0.0,7.0,0.0,,,0.0,4.0,2.0,,,13.0,1.0,1.0,,,0.0,2.0,0.0,,,,,,,,,,,,,4.0,NT,14.0,-0.318181818,"Bagot Rd [N], Old McMillans Rd [E], Bagot Rd [S], Old McMillans Rd [W]",Darwin,-12.395324,7.0,13.0,20.0,6.0,3.0,9.0,15.0,11.0,26.0,2.0,3.0,5.0,,,,,,,130.856016,0,5515.0,2021
2021-07-27,3.0,9.0,,,,1.0,1.0,,,,10.0,1.0,,,,,,,,,,,,,,,,,,,3.0,NT,15.0,-0.137931034,"Trower Rd [NE], Sabine Rd [SE], Trower Rd [SW]",Darwin,-12.387763,12.0,11.0,23.0,2.0,4.0,6.0,11.0,10.0,21.0,,,,,,,,,,130.858441,1,5516.0,2021
2021-07-27,27.0,2.0,,,,6.0,1.0,,,,3.0,3.0,,,,,,,,,,,,,,,,,,,3.0,NT,18.4,-0.222222222,"McMillans Rd [E], McMillans Rd [SW], Sabine Rd [NW]",Darwin,-12.39561,29.0,9.0,38.0,7.0,30.0,37.0,6.0,3.0,9.0,,,,,,,,,,130.862539,0,5517.0,2021
2021-07-27,2.0,9.0,25.0,,,2.0,0.0,4.0,,,14.0,2.0,4.0,,,15.0,4.0,1.0,,,,,,,,,,,,,4.0,NT,46.8,-0.012048193,"Trower Rd [E], Rapid Creek Rd [S], Trower Rd [W], Rapid Creek Rd [N]",Darwin,-12.385471,36.0,31.0,67.0,6.0,8.0,14.0,20.0,10.0,30.0,20.0,33.0,53.0,,,,,,,130.864514,1,5518.0,2021
2021-07-27,7.0,0.0,7.0,,,4.0,0.0,11.0,,,0.0,0.0,0.0,,,2.0,6.0,3.0,,,,,,,,,,,,,4.0,NT,17.8,-0.215686275,"Trower Rd [N], Vanderlin Dr [E], Trower Rd [S], Casuarina Shops [W]",Darwin,-12.375801,14.0,6.0,20.0,15.0,13.0,28.0,0.0,3.0,3.0,11.0,18.0,29.0,,,,,,,130.88271,2,5519.0,2021
2021-07-27,5.0,7.0,8.0,,,6.0,6.0,2.0,,,4.0,1.0,5.0,,,3.0,4.0,1.0,,,,,,,,,,,,,4.0,NT,30.6,0.209302326,"Lee Point Rd [N], Vanderlin Dr [E], Lee Point Rd [S], Vanderlin Rd [W]",Darwin,-12.377512,20.0,13.0,33.0,14.0,10.0,24.0,10.0,14.0,24.0,8.0,15.0,23.0,,,,,,,130.890756,0,5520.0,2021
2021-09-07,0.0,7.0,,,,0.0,2.0,,,,12.0,1.0,,,,,,,,,,,,,,,,,,,3.0,NT,11.8,-0.52173913,"Vanderlin Dr/Bike Path [SE], Mueller Rd [SW], Vanderlin Dr/Bike Path [NW]",Darwin,-12.390698,7.0,12.0,19.0,2.0,1.0,3.0,13.0,9.0,22.0,,,,,,,,,,130.911463,0,5521.0,2021
2021-07-27,9.0,4.0,2.0,,,5.0,2.0,0.0,,,0.0,0.0,4.0,,,1.0,4.0,7.0,,,,,,,,,,,,,4.0,NT,23.8,-0.472222222,"Vanderlin Dr [N], McMillans Rd [SE], Vanderlin Dr [S], McMillans Rd [NW]",Darwin,-12.410151,15.0,6.0,21.0,7.0,13.0,20.0,4.0,13.0,17.0,12.0,6.0,18.0,,,,,,,130.922994,3,5523.0,2021
2021-08-24,4.0,21.0,2.0,,,0.0,1.0,0.0,,,13.0,4.0,2.0,,,5.0,11.0,0.0,,,,,,,,,,,,,4.0,NT,34.4,0.05,"McMillans Rd [E], Charles Eaton Dr [SE], McMillans Rd [W], Rapid Crk Cyclepath [NW]",Darwin,-12.395447,27.0,18.0,45.0,1.0,19.0,20.0,19.0,22.0,41.0,16.0,4.0,20.0,,,,,,,130.871723,0,5524.0,2021
2021-08-24,8.0,0.0,5.0,,,3.0,1.0,32.0,,,0.0,0.0,1.0,,,8.0,10.0,0.0,,,,,,,,,,,,,4.0,NT,27.8,0.046153846,"Rothdale Rd [N], McMillans Rd [E], Henry Wrigley Dr [S], McMillans Rd [W]",Darwin,-12.395413,13.0,11.0,24.0,36.0,18.0,54.0,1.0,1.0,2.0,18.0,38.0,56.0,,,,,,,130.878263,0,5525.0,2021
2021-07-27,5.0,3.0,2.0,,,3.0,1.0,21.0,,,1.0,0.0,0.0,,,0.0,11.0,1.0,,,,,,,,,,,,,4.0,NT,20.0,-0.076923077,"Lee Point Rd [N], McMillans Rd [E], Marrara Dr [S], McMillans Rd [W]",Darwin,-12.39541,10.0,4.0,14.0,25.0,16.0,41.0,1.0,5.0,6.0,12.0,23.0,35.0,,,,,,,130.882965,19,5526.0,2021
2021-08-24,4.0,0.0,1.0,,,2.0,0.0,17.0,,,0.0,1.0,0.0,,,1.0,20.0,0.0,,,,,,,,,,,,,4.0,NT,23.6,-0.192982456,"Amy Johnson Ave [N], Stuart Hwy [E], Amy Johnson Ave [SW], Stuart Hwy [W]",Darwin,-12.427641,5.0,3.0,8.0,19.0,25.0,44.0,1.0,0.0,1.0,21.0,18.0,39.0,,,,,,,130.907681,0,5527.0,2021
2021-07-27,1.0,7.0,4.0,,,3.0,1.0,14.0,,,1.0,1.0,1.0,,,2.0,12.0,3.0,,,,,,,,,,,,,4.0,NT,26.6,0.351351351,"Vanderlin Dr [N], Stuart Hwy [E], Berrimah Rd [S], Stuart Hwy [W]",Darwin,-12.433465,12.0,6.0,18.0,18.0,14.0,32.0,3.0,11.0,14.0,17.0,19.0,36.0,,,,,,,130.923379,0,5528.0,2021
2021-07-27,46.0,22.0,,,,14.0,14.0,,,,27.0,23.0,,,,,,,,,,,,,,,,,,,3.0,NT,75.6,0.269565217,"Dick Ward Dr [E], East point Rd/Bike Path [S], East Point Rd/Bike Path [NW]",Darwin,-12.424536,68.0,41.0,109.0,28.0,69.0,97.0,50.0,36.0,86.0,,,,,,,,,,130.835473,0,5585.0,2021
2021-07-27,0.0,29.0,,,,2.0,5.0,,,,77.0,34.0,,,,,,,,,,,,,,,,,,,3.0,NT,86.6,0.006849315,"Casuarina Foreshore Path [N], Casuarina Foreshore Path [E], Casuarina Foreshore Path [S]",Darwin,-12.371739,29.0,79.0,108.0,7.0,34.0,41.0,111.0,34.0,145.0,,,,,,,,,,130.863139,2,5981.0,2021
2021-08-24,0.0,2.0,,,,1.0,0.0,,,,5.0,0.0,,,,,,,,,,,,,,,,,,,3.0,NT,3.8,-0.555555556,"Rothdale Rd [S], Freshwater Rd [W], Rothdale Rd [N]",Darwin,-12.391632,2.0,6.0,8.0,1.0,0.0,1.0,5.0,2.0,7.0,,,,,,,,,,130.877968,0,6188.0,2021
2021-07-27,21.0,5.0,,,,8.0,12.0,,,,1.0,5.0,,,,,,,,,,,,,,,,,,,3.0,NT,28.8,-0.1875,"Lee Point Rd [N], Lee Point Rd [S], Tambling Tce [W]",Darwin,-12.366516,26.0,9.0,35.0,20.0,26.0,46.0,6.0,17.0,23.0,,,,,,,,,,130.892152,0,6808.0,2021
2021-08-24,6.0,4.0,,,,9.0,4.0,,,,5.0,1.0,,,,,,,,,,,,,,,,,,,3.0,NT,14.0,,"Trower Rd [N], Trower Rd [S], Dripstone Rd [W]",Darwin,-12.377574,10.0,14.0,24.0,13.0,7.0,20.0,6.0,8.0,14.0,,,,,,,,,,130.88217,0,6830.0,2021
2021-08-24,0.0,6.0,14.0,0.0,,0.0,4.0,3.0,0.0,,3.0,5.0,1.0,1.0,,5.0,0.0,0.0,0.0,,1.0,0.0,0.0,0.0,,,,,,,5.0,NT,23.4,-0.065217391,"Tiger Brennan Drive north bound [N], Frances Bay Drive north bound [NE], Frances Bay Drive south bound [S], Tiger Brennan Drive south bound [SW], Dinah Beach Rd [W]",Darwin,-12.45294,20.0,9.0,29.0,7.0,5.0,12.0,10.0,10.0,20.0,5.0,18.0,23.0,1.0,1.0,2.0,,,,130.847549,0,6949.0,2021
2021-07-27,2.0,11.0,,,,7.0,6.0,,,,10.0,3.0,,,,,,,,,,,,,,,,,,,3.0,NT,21.6,0.026315789,"Dripstone Rd [SE], Lakeside Dr [SW], Dripstone Rd [NW]",Darwin,-12.374524,13.0,17.0,30.0,13.0,5.0,18.0,13.0,17.0,30.0,,,,,,,,,,130.87454,0,7123.0,2021
2021-08-24,0.0,2.0,2.0,,,1.0,0.0,1.0,,,3.0,0.0,0.0,,,1.0,1.0,1.0,,,,,,,,,,,,,4.0,NT,5.4,1.4,"Berrimah Rd [N], Tiger Brennan Dr [E], Berrimah Rd [S], Tiger Brennan Dr [W]",Darwin,-12.45,4.0,5.0,9.0,2.0,1.0,3.0,3.0,3.0,6.0,3.0,3.0,6.0,,,,,,,130.9235,0,7130.0,2021
2021-08-24,2.0,5.0,8.0,,,7.0,1.0,20.0,,,22.0,0.0,4.0,,,13.0,7.0,2.0,,,,,,,,,,,,,4.0,NT,47.6,0.083333333,"Fox Cr [NE], Nightcliff Rd [SE], Camphor St [SW], Nightcliff Rd [NW]",Darwin,-12.382654,15.0,42.0,57.0,28.0,9.0,37.0,26.0,8.0,34.0,22.0,32.0,54.0,,,,,,,130.853932,0,7249.0,2021
2021-09-07,1.0,21.0,6.0,,,0.0,0.0,1.0,,,6.0,0.0,1.0,,,0.0,2.0,2.0,,,,,,,,,,,,,4.0,NT,19.8,0.025641026,"Garramilla Blvd [NE], McMinn St [SE], Garramilla Blvd [SW], McMinn St [NW]",Darwin,-12.458133,28.0,6.0,34.0,1.0,3.0,4.0,7.0,23.0,30.0,4.0,8.0,12.0,,,,,,,130.8427,0,7351.0,2021
2021-07-27,0.0,5.0,,,,0.0,7.0,,,,0.0,2.0,,,,,,,,,,,,,,,,,,,3.0,NT,8.0,-0.363636364,"Roystonea Ave [SE], University Ave [SW], Roystonea Ave [NW]",Palmerston,-12.475906,5.0,0.0,5.0,7.0,2.0,9.0,2.0,12.0,14.0,,,,,,,,,,130.985374,0,5501.0,2021
2021-07-27,8.0,3.0,,,,9.0,22.0,,,,8.0,6.0,,,,,,,,,,,,,,,,,,,3.0,NT,25.6,-0.138461538,"McMillans Rd [NE], Stuart Hwy [SE], Stuart Hwy [NW]",Palmerston,-12.444442,11.0,17.0,28.0,31.0,14.0,45.0,14.0,25.0,39.0,,,,,,,,,,130.952575,1,5500.0,2021
2021-07-27,4.0,1.0,1.0,,,2.0,2.0,7.0,,,0.0,7.0,0.0,,,1.0,6.0,1.0,,,,,,,,,,,,,4.0,NT,20.2,-0.219512195,"Roystonea Ave [N], Lambrick Ave [E], Roystonea Ave [S], Lambrick Ave [W]",Palmerston,-12.502173,6.0,3.0,9.0,11.0,17.0,28.0,7.0,4.0,11.0,8.0,8.0,16.0,,,,,,,130.998955,1,5982.0,2021
2021-07-27,5.0,4.0,0.0,,,3.0,0.0,1.0,,,1.0,0.0,0.0,,,1.0,0.0,0.0,,,,,,,,,,,,,4.0,NT,8.0,0.666666667,"Temple Terrace [NE], Farrar Boulevard [SE], Temple Terrace [SW], Toupein Road [NW]",Palmerston,-12.476771,9.0,5.0,14.0,4.0,5.0,9.0,1.0,4.0,5.0,1.0,1.0,2.0,,,,,,,130.99263,0,6951.0,2021
2021-08-24,0.0,1.0,0.0,,,0.0,4.0,15.0,,,0.0,0.0,3.0,,,1.0,7.0,0.0,,,,,,,,,,,,,4.0,NT,15.8,0.722222222,"Howard Springs Rd [NE], Howard Springs shared path [SE], Howard Springs Rd [SW], Howard Springs shared path [NW]",Palmerston,-12.493,1.0,1.0,2.0,19.0,7.0,26.0,3.0,5.0,8.0,8.0,18.0,26.0,,,,,,,131.019,0,7129.0,2021
2021-08-24,1.0,2.0,0.0,,,5.0,3.0,4.0,,,1.0,1.0,1.0,,,0.0,1.0,1.0,,,,,,,,,,,,,4.0,NT,9.2,-0.428571429,"Yarrawonga Rd [NE], Roystonea Ave [SE], Packard Ave [W], Roystonea Ave [NW]",Palmerston,-12.473,3.0,6.0,9.0,12.0,3.0,15.0,3.0,6.0,9.0,2.0,5.0,7.0,,,,,,,130.983,1,7127.0,2021
2021-08-24,0.0,0.0,1.0,,,0.0,6.0,22.0,,,1.0,1.0,10.0,,,0.0,2.0,1.0,,,,,,,,,,,,,4.0,NT,23.4,0.466666667,"Lambrick Ave [E], Zuccoli Pde [S], Lambrick Ave [W], Farrar Blvd [N]",Palmerston,-12.501095,1.0,1.0,2.0,28.0,3.0,31.0,12.0,7.0,19.0,3.0,33.0,36.0,,,,,,,131.006133,2,6566.0,2021
2021-07-27,2.0,3.0,0.0,,,0.0,3.0,6.0,,,1.0,2.0,2.0,,,1.0,2.0,0.0,,,,,,,,,,,,,4.0,NT,11.0,0.222222222,"Temple Tce [NE], Roystonea Ave/Footpath [SE], Temple Tce/Footpath [SW], Roystonea Ave/Footpath [NW]",Palmerston,-12.479334,5.0,2.0,7.0,9.0,6.0,15.0,5.0,6.0,11.0,3.0,8.0,11.0,,,,,,,130.988479,0,6807.0,2021
2021-09-07,4.0,0.0,,,,8.0,0.0,,,,0.0,0.0,,,,,,,,,,,,,,,,,,,3.0,NT,6.2,2.0,"University Ave [E], Elrundie Ave [S], Kirkland Rd [W]",Palmerston,-12.481,4.0,8.0,12.0,8.0,4.0,12.0,0.0,0.0,0.0,,,,,,,,,,130.97,0,7128.0,2021
2025-08-05,0.0,4.0,0.0,,,0.0,2.0,2.0,,,1.0,9.0,1.0,,,1.0,2.0,0.0,,,,,,,,,,,,,4.0,NT,7.0, ,"Tiger Brennan Dr [NE], McMinn St [SE], Bennett St [SW], McMinn St [N]",Darwin,-12.462408,4.0,2.0,6.0,4.0,11.0,15.0,11.0,6.0,17.0,3.0,3.0,6.0,,,,,,,130.84573,0,5506.0,2025
2025-07-29,0.0,0.0,18.0,3.0,,0.0,1.0,16.0,0.0,,2.0,1.0,2.0,1.0,,9.0,8.0,0.0,1.0,,1.0,0.0,0.0,7.0,,,,,,,5.0,NT,24.0,8,"Stuart Hwy path [N], Stuart Hwy [NE], McMinn St [SE], Daly St [SW], McMinn St [NW]",Darwin,-12.454653,21.0,12.0,33.0,17.0,9.0,26.0,6.0,1.0,7.0,18.0,43.0,61.0,8.0,5.0,13.0,,,,130.839183,0,5507.0,2025
2025-07-29,2.0,39.0,,,,7.0,1.0,,,,32.0,0.0,,,,,,,,,,,,,,,,,,,3.0,NT,33.0,23,"Stuart Hwy/Bike Path [N], Westralia St [E], Stuart Hwy/Bike Path [S]",Darwin,-12.445064,41.0,39.0,80.0,8.0,2.0,10.0,32.0,40.0,72.0,,,,,,,,,,130.84106,5,5508.0,2025
2025-08-12,0.0,2.0,0.0,,,0.0,6.0,11.0,,,4.0,2.0,0.0,,,1.0,1.0,6.0,,,,,,,,,,,,,4.0,NT,11.0,-1,"Tiger Brennan Dr [NE], Stoddart Dr [SE], Tiger Brennan Dr [SW], Woolner Rd [NW]",Darwin,-12.43842,2.0,5.0,7.0,17.0,3.0,20.0,6.0,14.0,20.0,8.0,11.0,19.0,,,,,,,130.850134,1,5509.0,2025
2025-07-29,19.0,3.0,1.0,,,13.0,0.0,2.0,,,1.0,0.0,1.0,,,0.0,10.0,12.0,,,,,,,,,,,,,4.0,NT,24.5,-1,"Stuart Hwy [E], Stuart Hwy [SW], Stokes St [W], Parap Rd [N]",Darwin,-12.435826,23.0,14.0,37.0,15.0,29.0,44.0,2.0,15.0,17.0,22.0,4.0,26.0,,,,,,,130.843351,0,5510.0,2025
2025-08-05,33.0,0.0,,,,14.0,0.0,,,,2.0,4.0,,,,,,,,,,,,,,,,,,,3.0,NT,18.0,-15,"Stuart Hwy [NE], Stuart Hwy [SW], Ross Smith Ave [NW]",Darwin,-12.432985,33.0,16.0,49.0,14.0,37.0,51.0,6.0,0.0,6.0,,,,,,,,,,130.849083,0,5511.0,2025
2025-07-29,2.0,6.0,1.0,,,1.0,0.0,1.0,,,11.0,5.0,4.0,,,5.0,4.0,15.0,,,,,,,,,,,,,4.0,NT,20.0,6,"Stuart Hwy [NE], Snell St [SE], Stuart Hwy [SW], Bagot Rd [N]",Darwin,-12.429357,9.0,17.0,26.0,2.0,11.0,13.0,20.0,21.0,41.0,24.0,6.0,30.0,,,,,,,130.856979,2,5512.0,2025
2025-08-12,33.0,2.0,,,,18.0,0.0,,,,1.0,0.0,,,,,,,,,,,,,,,,,,,3.0,NT,8.5,13,"Bagot Rd [N], Bagot Rd [S], Fitzer Dr [W]",Darwin,-12.410494,35.0,19.0,54.0,18.0,33.0,51.0,1.0,2.0,3.0,,,,,,,,,,130.856116,3,5513.0,2025
2025-08-05,14.0,0.0,0.0,,,0.0,3.0,3.0,,,0.0,2.0,1.0,,,0.0,2.0,1.0,,,,,,,,,,,,,4.0,NT,5.5,-21,"Bagot Rd [N], Osgood Dr [E], Bagot Rd [S], Totem Rd [W]",Darwin,-12.402638,14.0,0.0,14.0,6.0,18.0,24.0,3.0,4.0,7.0,3.0,4.0,7.0,,,,,,,130.856105,0,5514.0,2025
2025-07-29,0.0,9.0,4.0,,,0.0,1.0,2.0,,,12.0,0.0,0.0,,,2.0,1.0,2.0,,,,,,,,,,,,,4.0,NT,9.0,25,"Bagot Rd [N], Old McMillans Rd [E], Bagot Rd [S], Old McMillans Rd [W]",Darwin,-12.395324,13.0,14.0,27.0,3.0,1.0,4.0,12.0,12.0,24.0,5.0,6.0,11.0,,,,,,,130.856016,1,5515.0,2025
2025-07-29,2.0,14.0,,,,4.0,1.0,,,,6.0,3.0,,,,,,,,,,,,,,,,,,,3.0,NT,10.0,5,"Trower Rd [NE], Sabine Rd [SE], Trower Rd [SW]",Darwin,-12.387763,16.0,10.0,26.0,5.0,5.0,10.0,9.0,15.0,24.0,,,,,,,,,,130.858441,1,5516.0,2025
2025-08-05,31.0,3.0,1.0,,,5.0,0.0,1.0,,,3.0,0.0,0.0,,,4.0,2.0,0.0,,,,,,,,,,,,,4.0,NT,13.0,20,"McMillans Rd & McMillans Rd Path [E], McMillans Rd [SW], Path to Old McMillans Rd [W], Sabine Rd [NW]",Darwin,-12.39561,35.0,12.0,47.0,6.0,33.0,39.0,3.0,3.0,6.0,6.0,2.0,8.0,,,,,,,130.862539,1,5517.0,2025
2025-07-29,5.0,12.0,21.0,,,9.0,0.0,8.0,,,4.0,1.0,0.0,,,11.0,6.0,0.0,,,,,,,,,,,,,4.0,NT,31.0,17,"Trower Rd [E], Rapid Creek Rd [S], Trower Rd [W], Rapid Creek Rd [N]",Darwin,-12.385471,38.0,24.0,62.0,17.0,12.0,29.0,5.0,12.0,17.0,17.0,29.0,46.0,,,,,,,130.864514,0,5518.0,2025
2025-08-05,1.0,7.0,0.0,,,0.0,4.0,2.0,,,13.0,0.0,0.0,,,0.0,0.0,0.0,,,,,,,,,,,,,4.0,NT,12.0,-9,"Trower Rd [N], Vanderlin Dr [E], Trower Rd [S], Casuarina Shops [W]",Darwin,-12.375801,8.0,13.0,21.0,6.0,1.0,7.0,13.0,11.0,24.0,0.0,2.0,2.0,,,,,,,130.88271,0,5519.0,2025
2025-07-29,7.0,2.0,1.0,,,4.0,6.0,0.0,,,5.0,2.0,2.0,,,1.0,6.0,1.0,,,,,,,,,,,,,4.0,NT,15.0,1,"Lee Point Rd [N], Vanderlin Dr [E], Lee Point Rd [S], Vanderlin Rd [W]",Darwin,-12.377512,10.0,10.0,20.0,10.0,15.0,25.0,9.0,9.0,18.0,8.0,3.0,11.0,,,,,,,130.890756,0,5520.0,2025
2025-07-29,1.0,6.0,,,,1.0,0.0,,,,12.0,4.0,,,,,,,,,,,,,,,,,,,3.0,NT,9.0,1,"Vanderlin Dr/Bike Path [SE], Mueller Rd [SW], Vanderlin Dr/Bike Path [NW]",Darwin,-12.390698,7.0,13.0,20.0,1.0,5.0,6.0,16.0,6.0,22.0,,,,,,,,,,130.911463,0,5521.0,2025
2025-07-29,5.0,1.0,0.0,,,11.0,4.0,3.0,,,4.0,3.0,1.0,,,0.0,1.0,0.0,,,,,,,,,,,,,4.0,NT,8.5,-6,"Vanderlin Dr [N], McMillans Rd [SE], Vanderlin Dr [S], McMillans Rd [NW]",Darwin,-12.410151,6.0,15.0,21.0,18.0,9.0,27.0,8.0,5.0,13.0,1.0,4.0,5.0,,,,,,,130.922994,0,5523.0,2025
2025-07-29,1.0,29.0,5.0,,,0.0,0.0,0.0,,,9.0,3.0,0.0,,,4.0,6.0,0.0,,,,,,,,,,,,,4.0,NT,15.0,11,"McMillans Rd [E], Charles Eaton Dr [SE], McMillans Rd [W], Rapid Crk Cyclepath [NW]",Darwin,-12.395447,35.0,13.0,48.0,0.0,10.0,10.0,12.0,29.0,41.0,10.0,5.0,15.0,,,,,,,130.871723,0,5524.0,2025
2025-07-29,2.0,4.0,2.0,,,1.0,2.0,28.0,,,0.0,0.0,1.0,,,0.0,8.0,0.0,,,,,,,,,,,,,4.0,NT,12.0,2,"Rothdale Rd [N], McMillans Rd [E], Henry Wrigley Dr [S], McMillans Rd [W]",Darwin,-12.395413,8.0,1.0,9.0,31.0,10.0,41.0,1.0,6.0,7.0,8.0,31.0,39.0,,,,,,,130.878263,2,5525.0,2025
2025-07-29,3.0,3.0,2.0,,,1.0,0.0,24.0,,,1.0,0.0,0.0,,,4.0,9.0,0.0,,,,,,,,,,,,,4.0,NT,9.0,0,"Lee Point Rd [N], McMillans Rd [E], Marrara Dr [S], McMillans Rd [W]",Darwin,-12.39541,8.0,6.0,14.0,25.0,12.0,37.0,1.0,3.0,4.0,13.0,26.0,39.0,,,,,,,130.882965,1,5526.0,2025
2025-08-19,1.0,0.0,3.0,,,0.0,0.0,5.0,,,0.0,0.0,0.0,,,2.0,11.0,2.0,,,,,,,,,,,,,4.0,NT,10.5,-6,"Amy Johnson Ave [N], Stuart Hwy [E], Amy Johnson Ave [SW], Stuart Hwy [W]",Darwin,-12.427641,4.0,2.0,6.0,5.0,12.0,17.0,0.0,2.0,2.0,15.0,8.0,23.0,,,,,,,130.907681,1,5527.0,2025
2025-07-29,3.0,5.0,2.0,,,5.0,2.0,12.0,,,2.0,0.0,2.0,,,1.0,7.0,1.0,,,,,,,,,,,,,4.0,NT,16.5,13,"Vanderlin Dr [N], Stuart Hwy [E], Berrimah Rd [S], Stuart Hwy [W]",Darwin,-12.433465,10.0,8.0,18.0,19.0,10.0,29.0,4.0,8.0,12.0,9.0,16.0,25.0,,,,,,,130.923379,0,5528.0,2025
2025-07-29,1.0,45.0,,,,0.0,15.0,,,,51.0,19.0,,,,,,,,,,,,,,,,,,,3.0,NT,57.0,34,"Casuarina Foreshore Path [N], Casuarina Foreshore Path [E], Casuarina Foreshore Path [S]",Darwin,-12.371739,46.0,51.0,97.0,15.0,20.0,35.0,70.0,60.0,130.0,,,,,,,,,,130.863139,1,5981.0,2025
2025-08-05,9.0,3.0,,,,11.0,8.0,,,,2.0,4.0,,,,,,,,,,,,,,,,,,,3.0,NT,15.5,-6,"Trower Rd [N], Trower Rd [S], Dripstone Rd [W]",Darwin,-12.377574,12.0,13.0,25.0,19.0,13.0,32.0,6.0,11.0,17.0,,,,,,,,,,130.88217,0,6830.0,2025
2025-08-05,0.0,1.0,51.0,0.0,,0.0,0.0,0.0,0.0,,1.0,0.0,2.0,0.0,,4.0,1.0,0.0,0.0,,3.0,0.0,2.0,2.0,,,,,,,5.0,NT,27.5,21,"Tiger Brennan Drive north bound [N], Frances Bay Drive north bound [NE], Frances Bay Drive south bound [S], Tiger Brennan Drive south bound [SW], Dinah Beach Rd [W]",Darwin,-12.45294,52.0,8.0,60.0,0.0,1.0,1.0,3.0,3.0,6.0,5.0,55.0,60.0,7.0,0.0,7.0,,,,130.847549,1,6949.0,2025
2025-07-29,6.0,30.0,1.0,,,0.0,1.0,1.0,,,4.0,1.0,0.0,,,0.0,0.0,2.0,,,,,,,,,,,,,4.0,NT,19.5,-11,"Garramilla Blvd [NE], McMinn St [SE], Garramilla Blvd [SW], McMinn St [NW]",Darwin,-12.458133,37.0,4.0,41.0,2.0,7.0,9.0,5.0,33.0,38.0,2.0,2.0,4.0,,,,,,,130.8427,0,7351.0,2025
2025-07-29,21.0,10.0,2.0,,,19.0,1.0,2.0,,,2.0,1.0,1.0,,,0.0,9.0,11.0,,,,,,,,,,,,,4.0,NT,32.5, ,"Stuart Hwy [NE], Stuart Hwy [SW], Goyder Rd Footpath & Road [W], Footpath to Wilkinson St [N]",Darwin,-12.437701,33.0,21.0,54.0,22.0,31.0,53.0,4.0,22.0,26.0,20.0,5.0,25.0,,,,,,,130.841304,2,8568.0,2025
2025-07-29,17.0,0.0,,,,0.0,1.0,,,,0.0,0.0,,,,,,,,,,,,,,,,,,,3.0,NT,4.0, ,"Bike Parking at Jetty [NE], Taking Bike on Ferry [SE], Charles Point Rd [W]",Darwin,-12.442882,17.0,0.0,17.0,1.0,17.0,18.0,0.0,1.0,1.0,,,,,,,,,,130.766309,0,8569.0,2025
2025-08-05,14.0,0.0,0.0,,,5.0,0.0,5.0,,,0.0,4.0,1.0,,,0.0,16.0,4.0,,,,,,,,,,,,,4.0,NT,22.0, ,"Tiger Brennan Rd Path [NE], Woolner Rd [S], Unofficial Path to Flinders Dr [W], Woolner Rd [NW]",Darwin,-12.441461,14.0,5.0,19.0,10.0,34.0,44.0,5.0,4.0,9.0,20.0,6.0,26.0,,,,,,,130.848561,0,8570.0,2025
2025-08-12,0.0,0.0,,,,0.0,3.0,,,,2.0,3.0,,,,,,,,,,,,,,,,,,,3.0,NT,3.5, ,"Benison Rd [N], Tiger Brennan Dr [E], Tiger Brennan Dr [W]",Darwin,-12.432987,0.0,2.0,2.0,3.0,3.0,6.0,5.0,3.0,8.0,,,,,,,,,,130.860141,0,8571.0,2025
2025-07-29,3.0,6.0,,,,1.0,2.0,,,,13.0,14.0,,,,,,,,,,,,,,,,,,,3.0,NT,14.0, ,"McMillans Rd [SE], Amy Johnson Ave Footpath and Road [SW], McMillans Rd [NW]",Darwin,-12.406401,9.0,14.0,23.0,3.0,17.0,20.0,27.0,8.0,35.0,,,,,,,,,,130.916312,0,8572.0,2025
2025-07-29,16.0,4.0,,,,5.0,14.0,,,,5.0,7.0,,,,,,,,,,,,,,,,,,,3.0,NT,17.0, ,"Trower Rd [NE], Bagot Rd [SW], Nightcliff Rd [NW]",Darwin,-12.388682,20.0,10.0,30.0,19.0,23.0,42.0,12.0,18.0,30.0,,,,,,,,,,130.856523,0,8573.0,2025
2025-07-29,0.0,16.0,,,,2.0,6.0,,,,9.0,9.0,,,,,,,,,,,,,,,,,,,3.0,NT,17.5, ,"Lakeside Dr [N], Trower Rd [E], Trower Rd [SW]",Darwin,-12.384022,16.0,11.0,27.0,8.0,9.0,17.0,18.0,22.0,40.0,,,,,,,,,,130.868683,2,8574.0,2025
2025-07-29,0.0,1.0,19.0,,,2.0,0.0,14.0,,,1.0,2.0,3.0,,,1.0,2.0,0.0,,,,,,,,,,,,,4.0,NT,21.5,1,"Roystonea Ave [N], Lambrick Ave [E], Roystonea Ave [S], Lambrick Ave [W]",Palmerston,-12.502173,20.0,4.0,24.0,16.0,4.0,20.0,6.0,1.0,7.0,3.0,36.0,39.0,,,,,,,130.998955,0,5982.0,2025
2025-07-29,2.0,7.0,1.0,,,2.0,0.0,18.0,,,4.0,3.0,25.0,,,3.0,2.0,0.0,,,,,,,,,,,,,4.0,NT,32.5,8,"Lambrick Ave [E], Zuccoli Pde [S], Lambrick Ave [W], Farrar Blvd [N]",Palmerston,-12.501095,10.0,9.0,19.0,20.0,7.0,27.0,32.0,7.0,39.0,5.0,44.0,49.0,,,,,,,131.006133,0,6566.0,2025
2025-07-29,0.0,4.0,0.0,,,0.0,3.0,1.0,,,1.0,5.0,0.0,,,1.0,4.0,0.0,,,,,,,,,,,,,4.0,NT,8.0,-3,"Yarrawonga Rd [NE], Roystonea Ave [SE], Packard Ave [W], Roystonea Ave [NW]",Palmerston,-12.473,4.0,2.0,6.0,4.0,9.0,13.0,6.0,7.0,13.0,5.0,1.0,6.0,,,,,,,130.983,1,7127.0,2025
2025-07-29,0.0,0.0,0.0,,,0.0,1.0,13.0,,,4.0,13.0,4.0,,,1.0,14.0,6.0,,,,,,,,,,,,,4.0,NT,26.5,18,"Howard Springs Rd [NE], Howard Springs shared path [SE], Howard Springs Rd [SW], Howard Springs shared path [NW]",Palmerston,-12.493,0.0,5.0,5.0,14.0,27.0,41.0,21.0,7.0,28.0,21.0,17.0,38.0,,,,,,,131.019,0,7129.0,2025
2025-07-29,0.0,2.0,,,,0.0,0.0,,,,1.0,0.0,,,,,,,,,,,,,,,,,,,3.0,NT,1.5, ,"Chung Wah Terrace [NE], Elrundie Ave. [SE], Elrundie Ave. [NW]",Palmerston,-12.516414,2.0,1.0,3.0,0.0,0.0,0.0,1.0,2.0,3.0,,,,,,,,,,130.975273,0,8579.0,2025
2025-07-29,0.0,13.0,0.0,,,0.0,0.0,0.0,,,15.0,0.0,0.0,,,0.0,0.0,0.0,,,,,,,,,,,,,4.0,NT,13.0, ,"Coolalinga Shared Path [NE], Gravel path [SE], Path towards Grice Cres [SW], Gravel path [NW]",Palmerston,-12.516732,13.0,15.0,28.0,0.0,0.0,0.0,15.0,13.0,28.0,0.0,0.0,0.0,,,,,,,131.041846,0,8580.0,2025
2025-08-05,4.0,0.0,,,,0.0,0.0,,,,4.0,0.0,,,,,,,,,,,,,,,,,,,4.0,NT,5.5,-7,"University Ave [E], Elrundie Ave [S], Kirkland Rd [W], Hedley Pl [N]",Palmerston,-12.481,4.0,4.0,8.0,0.0,4.0,4.0,4.0,0.0,4.0,,,,,,,,,,130.97,0,7128.0,2025
2025-08-12,3.0,3.0,,,,6.0,12.0,,,,1.0,9.0,,,,,,,,,,,,,,,,,,,3.0,NT,14.0,10,"McMillans Rd [NE], Stuart Hwy [SE], Stuart Hwy [NW]",Palmerston,-12.444442,6.0,7.0,13.0,18.0,12.0,30.0,10.0,15.0,25.0,,,,,,,,,,130.952575,0,5500.0,2025
2025-08-12,5.0,1.0,,,,5.0,1.0,,,,1.0,0.0,,,,,,,,,,,,,,,,,,,3.0,NT,6.5, ,"Elrundie Ave [N], Tilston Ave [E], Elrundie Ave [SW]",Palmerston,-12.494372,6.0,6.0,12.0,6.0,5.0,11.0,1.0,2.0,3.0,,,,,,,,,,130.968777,0,8578.0,2025
2025-08-19,1.0,4.0,1.0,,,1.0,1.0,3.0,,,2.0,0.0,0.0,,,0.0,0.0,1.0,,,,,,,,,,,,,4.0,NT,5.5,-8,"Temple Terrace [NE], Farrar Boulevard [SE], Temple Terrace [SW], Toupein Road [NW]",Palmerston,-12.476771,6.0,3.0,9.0,5.0,1.0,6.0,2.0,6.0,8.0,1.0,4.0,5.0,,,,,,,130.99263,0,6951.0,2025
2025-08-19,0.0,0.0,0.0,,,0.0,0.0,0.0,,,0.0,0.0,0.0,,,0.0,0.0,0.0,,,,,,,,,,,,,4.0,NT,0.0, ,"Tulagi Rd [N], Stuart Hwy [E], Shared Path [S], Stuart Hwy [W]",Palmerston,-12.470832,0.0,0.0,0.0,0.0,0.0,0.0,0.0,0.0,0.0,0.0,0.0,0.0,,,,,,,130.989802,0,8576.0,2025
2023-07-25,4.0,7.0,0.0,,,8.0,2.0,10.0,,,9.0,2.0,5.0,,,3.0,8.0,4.0,,,,,,,,,,,,,4.0,NT,32.0,-0.19047619,"Gilruth Ave [N], Smith St [SE], Lambell Tce [SW], Kahlin Ave [NW]",Darwin,-12.452352,11.0,20.0,31.0,20.0,14.0,34.0,16.0,13.0,29.0,15.0,15.0,30.0,,,,,,,130.830522,2,5471.0,2023
2023-07-25,0.0,0.0,10.0,0.0,,1.0,19.0,1.0,1.0,,1.0,5.0,2.0,1.0,,10.0,7.0,0.0,0.0,,0.0,1.0,1.0,0.0,,,,,,,5.0,NT,32.4,-0.181818182,"Atkins Dr [N], Gilruth Ave [NE], Gardens Rd [SE], Gilruth Ave [S], Maria Liveris Dr [SW]",Darwin,-12.444327,10.0,12.0,22.0,22.0,13.0,35.0,9.0,20.0,29.0,17.0,13.0,30.0,2.0,2.0,4.0,,,,130.834038,3,5472.0,2023
2023-08-01,3.0,31.0,5.0,,,3.0,1.0,10.0,,,6.0,1.0,9.0,,,1.0,1.0,1.0,,,,,,,,,,,,,4.0,NT,39.8,-0.290322581,"East Point Rd [N], Goyder Rd [E], Gilruth Ave [SW], Goyder Rd [W]",Darwin,-12.438015,39.0,10.0,49.0,14.0,5.0,19.0,16.0,33.0,49.0,3.0,24.0,27.0,,,,,,,130.837831,5,5473.0,2023
2023-07-25,4.0,1.0,,,,1.0,10.0,,,,0.0,38.0,,,,,,,,,,,,,,,,,,,3.0,NT,32.2,-0.422222222,"Gregory St [E], East Point Rd [S], East Point Rd [N]",Darwin,-12.432258,5.0,1.0,6.0,11.0,42.0,53.0,38.0,11.0,49.0,,,,,,,,,,130.837681,2,5474.0,2023
2023-07-25,7.0,34.0,,,,1.0,3.0,,,,12.0,3.0,,,,,,,,,,,,,,,,,,,3.0,NT,36.0,-0.57037037,"Dick Ward Dr [E], Ross Smith Ave [SE], Ross Smith Ave [W]",Darwin,-12.424494,41.0,13.0,54.0,4.0,10.0,14.0,15.0,37.0,52.0,,,,,,,,,,130.838362,0,5475.0,2023
2023-07-25,7.0,36.0,,,,2.0,0.0,,,,16.0,0.0,,,,,,,,,,,,,,,,,,,3.0,NT,36.0,-0.443396226,"Dick Ward Dr [NE], Douglas St [SE], Dick Ward Dr [SW]",Darwin,-12.42052,43.0,18.0,61.0,2.0,7.0,9.0,16.0,36.0,52.0,,,,,,,,,,130.847323,0,5476.0,2023
2023-07-25,0.0,38.0,,,,0.0,1.0,,,,17.0,1.0,,,,,,,,,,,,,,,,,,,3.0,NT,35.2,-0.5,"Dick Ward Dr [N], Fitzer Dr [E], Dick Ward Dr [S]",Darwin,-12.410053,38.0,17.0,55.0,1.0,1.0,2.0,18.0,39.0,57.0,,,,,,,,,,130.8505,3,5477.0,2023
2023-07-25,4.0,4.0,,,,5.0,10.0,,,,3.0,15.0,,,,,,,,,,,,,,,,,,,3.0,NT,24.8,-0.595959596,"Progress Dr [E], Dick Ward Dr [S], Progress Dr [W]",Darwin,-12.387972,8.0,8.0,16.0,15.0,19.0,34.0,18.0,14.0,32.0,,,,,,,,,,130.852268,0,5478.0,2023
2023-07-25,2.0,7.0,7.0,,,4.0,3.0,2.0,,,23.0,4.0,0.0,,,7.0,1.0,0.0,,,,,,,,,,,,,4.0,NT,35.2,-0.524590164,"Casuarina Dr/Shared Path [E], Nightcliff Rd [SE], Casuarina Dr/Shared Path [SW], Foreshore Shared Path [W]",Darwin,-12.376827,16.0,34.0,50.0,9.0,7.0,16.0,27.0,10.0,37.0,8.0,9.0,17.0,,,,,,,130.849571,3,5480.0,2023
2023-07-25,2.0,0.0,3.0,,,3.0,6.0,1.0,,,3.0,0.0,1.0,,,0.0,1.0,1.0,,,,,,,,,,,,,4.0,NT,10.2,-0.487179487,"Rossiter St [NE], Ryland Rd [SE], Rossiter St [SW], Ryland Rd [NW]",Darwin,-12.380754,5.0,6.0,11.0,10.0,3.0,13.0,4.0,7.0,11.0,2.0,5.0,7.0,,,,,,,130.85885,0,5481.0,2023
2023-08-01,4.0,2.0,,,,10.0,15.0,,,,7.0,5.0,,,,,,,,,,,,,,,,,,,3.0,NT,22.0,-0.142857143,"Chapman Rd [NE], Nightcliff Rd [SE], Nightcliff Rd [NW]",Darwin,-12.384294,6.0,17.0,23.0,25.0,9.0,34.0,12.0,17.0,29.0,,,,,,,,,,130.855426,1,5482.0,2023
2023-07-25,7.0,9.0,,,,16.0,16.0,,,,54.0,6.0,,,,,,,,,,,,,,,,,,,3.0,NT,64.4,-0.50462963,"Rapid Creek Path Bridge [N], Foreshore Path [SE], Foreshore Path [W]",Darwin,-12.376238,16.0,70.0,86.0,32.0,13.0,45.0,60.0,25.0,85.0,,,,,,,,,,130.860332,0,5483.0,2023
2023-07-25,7.0,10.0,,,,9.0,16.0,,,,20.0,16.0,,,,,,,,,,,,,,,,,,,3.0,NT,39.0,0.350877193,"Rocklands Dr [N], Trower Rd [E], Trower Rd [W]",Darwin,-12.365103,17.0,29.0,46.0,25.0,23.0,48.0,36.0,26.0,62.0,,,,,,,,,,130.87249,11,5484.0,2023
2023-07-25,0.0,9.0,16.0,,,0.0,1.0,2.0,,,5.0,0.0,18.0,,,4.0,0.0,2.0,,,,,,,,,,,,,4.0,NT,30.8,-0.232876712,"Rocklands Dr [E], Roper St [S], Rocklands Dr [W], Florey Ave [N]",Darwin,-12.359174,25.0,9.0,34.0,3.0,0.0,3.0,23.0,12.0,35.0,6.0,36.0,42.0,,,,,,,130.882951,7,5485.0,2023
2023-07-25,4.0,12.0,,,,25.0,7.0,,,,8.0,0.0,,,,,,,,,,,,,,,,,,,3.0,NT,26.6,-0.070175439,"Henbury Ave [N], Tambling Tce [E], Henbury Ave [S]",Darwin,-12.365755,16.0,33.0,49.0,32.0,4.0,36.0,8.0,19.0,27.0,,,,,,,,,,130.885704,0,5486.0,2023
2023-07-25,6.0,2.0,,,,4.0,0.0,,,,2.0,0.0,,,,,,,,,,,,,,,,,,,3.0,NT,6.8,-0.3125,"Trower Rd [E], Rothdale Rd [S], Trower Rd [W]",Darwin,-12.382667,8.0,6.0,14.0,4.0,6.0,10.0,2.0,2.0,4.0,,,,,,,,,,130.876676,0,5487.0,2023
2023-07-25,1.0,5.0,7.0,,,4.0,3.0,13.0,,,5.0,0.0,5.0,,,0.0,4.0,1.0,,,,,,,,,,,,,4.0,NT,24.2,0.146341463,"Lee Point Rd [NE], Lee Point Rd [SE], Parer Dr [SW], Parer Dr [NW]",Darwin,-12.386554,13.0,9.0,22.0,20.0,5.0,25.0,10.0,9.0,19.0,5.0,25.0,30.0,,,,,,,130.886736,0,5488.0,2023
2023-07-25,0.0,0.0,22.0,2.0,,2.0,2.0,16.0,0.0,,3.0,2.0,2.0,1.0,,5.0,5.0,1.0,4.0,,1.0,0.0,2.0,3.0,,,,,,,5.0,NT,38.2,-0.355263158,"Stuart Hwy path [N], Stuart Hwy [NE], McMinn St [SE], Daly St [SW], McMinn St [NW]",Darwin,-12.454653,24.0,11.0,35.0,20.0,7.0,27.0,8.0,5.0,13.0,15.0,43.0,58.0,6.0,7.0,13.0,,,,130.839183,0,5507.0,2023
2023-07-25,6.0,32.0,,,,11.0,3.0,,,,14.0,2.0,,,,,,,,,,,,,,,,,,,3.0,NT,36.6,-0.47,"Stuart Hwy/Bike Path [N], Westralia St [E], Stuart Hwy/Bike Path [S]",Darwin,-12.445064,38.0,25.0,63.0,14.0,8.0,22.0,16.0,35.0,51.0,,,,,,,,,,130.84106,4,5508.0,2023
2023-07-25,0.0,6.0,2.0,,,0.0,1.0,11.0,,,2.0,2.0,2.0,,,0.0,1.0,3.0,,,,,,,,,,,,,4.0,NT,16.2,0.0,"Tiger Brennan Dr [NE], Stoddart Dr [SE], Tiger Brennan Dr [SW], Woolner Rd [NW]",Darwin,-12.43842,8.0,2.0,10.0,12.0,3.0,15.0,6.0,10.0,16.0,4.0,15.0,19.0,,,,,,,130.850134,0,5509.0,2023
2023-07-25,28.0,3.0,0.0,,,12.0,1.0,7.0,,,1.0,1.0,0.0,,,3.0,9.0,1.0,,,,,,,,,,,,,4.0,NT,36.4,-0.305882353,"Stuart Hwy [E], Stuart Hwy [SW], Stokes St [W], Parap Rd [N]",Darwin,-12.435826,31.0,16.0,47.0,20.0,38.0,58.0,2.0,5.0,7.0,13.0,7.0,20.0,,,,,,,130.843351,0,5510.0,2023
2023-08-09,33.0,4.0,,,,19.0,5.0,,,,0.0,7.0,,,,,,,,,,,,,,,,,,,3.0,NT,34.0,0.192307692,"Stuart Hwy [NE], Stuart Hwy [SW], Ross Smith Ave [NW]",Darwin,-12.432985,37.0,19.0,56.0,24.0,40.0,64.0,7.0,9.0,16.0,,,,,,,,,,130.849083,1,5511.0,2023
2023-07-25,4.0,10.0,2.0,,,2.0,0.0,0.0,,,11.0,1.0,6.0,,,4.0,1.0,10.0,,,,,,,,,,,,,4.0,NT,24.6,-0.347826087,"Stuart Hwy [NE], Snell St [SE], Stuart Hwy [SW], Bagot Rd [N]",Darwin,-12.429357,16.0,17.0,33.0,2.0,6.0,8.0,18.0,20.0,38.0,15.0,8.0,23.0,,,,,,,130.856979,1,5512.0,2023
2023-08-01,20.0,0.0,,,,19.0,0.0,,,,2.0,1.0,,,,,,,,,,,,,,,,,,,3.0,NT,19.8,-0.2,"Bagot Rd [N], Bagot Rd [S], Fitzer Dr [W]",Darwin,-12.410494,20.0,21.0,41.0,19.0,21.0,40.0,3.0,0.0,3.0,,,,,,,,,,130.856116,1,5513.0,2023
2023-08-15,12.0,0.0,0.0,,,0.0,1.0,14.0,,,0.0,1.0,7.0,,,1.0,10.0,4.0,,,,,,,,,,,,,4.0,NT,22.4,0.323529412,"Osgood Dr [E], Bagot Rd [S], Totem Rd [W], Bagot Rd [N]",Darwin,-12.402638,12.0,1.0,13.0,15.0,23.0,38.0,8.0,5.0,13.0,15.0,21.0,36.0,,,,,,,130.856105,8,5514.0,2023
2023-07-25,1.0,3.0,0.0,,,0.0,1.0,1.0,,,1.0,0.0,0.0,,,0.0,0.0,0.0,,,,,,,,,,,,,4.0,NT,3.6,-0.766666667,"Bagot Rd [N], Old McMillans Rd [E], Bagot Rd [S], Old McMillans Rd [W]",Darwin,-12.395324,4.0,1.0,5.0,2.0,1.0,3.0,1.0,4.0,5.0,0.0,1.0,1.0,,,,,,,130.856016,0,5515.0,2023
2023-08-03,2.0,7.0,,,,3.0,2.0,,,,7.0,2.0,,,,,,,,,,,,,,,,,,,3.0,NT,12.8,-0.08,"Trower Rd [NE], Sabine Rd [SE], Trower Rd [SW]",Darwin,-12.387763,9.0,10.0,19.0,5.0,4.0,9.0,9.0,9.0,18.0,,,,,,,,,,130.858441,1,5516.0,2023
2023-08-03,8.0,4.0,,,,10.0,1.0,,,,3.0,1.0,,,,,,,,,,,,,,,,,,,3.0,NT,14.8,-0.404761905,"McMillans Rd [E], McMillans Rd [SW], Sabine Rd [NW]",Darwin,-12.39561,12.0,13.0,25.0,11.0,9.0,20.0,4.0,5.0,9.0,,,,,,,,,,130.862539,0,5517.0,2023
2023-08-01,0.0,8.0,19.0,,,1.0,0.0,2.0,,,9.0,0.0,0.0,,,14.0,6.0,1.0,,,,,,,,,,,,,4.0,NT,30.6,-0.304878049,"Trower Rd [E], Rapid Creek Rd [S], Trower Rd [W], Rapid Creek Rd [N]",Darwin,-12.385471,27.0,24.0,51.0,3.0,6.0,9.0,9.0,9.0,18.0,21.0,21.0,42.0,,,,,,,130.864514,0,5518.0,2023
2023-08-01,0.0,10.0,2.0,,,6.0,6.0,0.0,,,7.0,5.0,1.0,,,0.0,0.0,2.0,,,,,,,,,,,,,4.0,NT,17.8,-0.125,"Trower Rd [N], Vanderlin Dr [E], Trower Rd [S], Casuarina Shops [W]",Darwin,-12.375801,12.0,13.0,25.0,12.0,5.0,17.0,13.0,18.0,31.0,2.0,3.0,5.0,,,,,,,130.88271,0,5519.0,2023
2023-07-25,0.0,1.0,1.0,,,2.0,4.0,7.0,,,6.0,4.0,4.0,,,1.0,2.0,2.0,,,,,,,,,,,,,4.0,NT,20.0,-0.384615385,"Lee Point Rd [N], Vanderlin Dr [E], Lee Point Rd [S], Vanderlin Rd [W]",Darwin,-12.377512,2.0,9.0,11.0,13.0,6.0,19.0,14.0,7.0,21.0,5.0,12.0,17.0,,,,,,,130.890756,4,5520.0,2023
2023-08-01,0.0,5.0,,,,1.0,2.0,,,,15.0,0.0,,,,,,,,,,,,,,,,,,,3.0,NT,13.2,0.045454545,"Vanderlin Dr/Bike Path [SE], Mueller Rd [SW], Vanderlin Dr/Bike Path [NW]",Darwin,-12.390698,5.0,16.0,21.0,3.0,0.0,3.0,15.0,7.0,22.0,,,,,,,,,,130.911463,0,5521.0,2023
2023-07-25,2.0,0.0,0.0,,,6.0,5.0,10.0,,,0.0,3.0,5.0,,,0.0,12.0,0.0,,,,,,,,,,,,,4.0,NT,16.8,0.0,"Vanderlin Dr [N], McMillans Rd [SE], Vanderlin Dr [S], McMillans Rd [NW]",Darwin,-12.410151,2.0,6.0,8.0,21.0,17.0,38.0,8.0,5.0,13.0,12.0,15.0,27.0,,,,,,,130.922994,0,5523.0,2023
2023-07-25,1.0,20.0,3.0,,,1.0,0.0,0.0,,,11.0,2.0,1.0,,,4.0,4.0,0.0,,,,,,,,,,,,,4.0,NT,21.0,-0.285714286,"McMillans Rd [E], Charles Eaton Dr [SE], McMillans Rd [W], Rapid Crk Cyclepath [NW]",Darwin,-12.395447,24.0,16.0,40.0,1.0,7.0,8.0,14.0,20.0,34.0,8.0,4.0,12.0,,,,,,,130.871723,0,5524.0,2023
2023-07-25,2.0,5.0,2.0,,,0.0,2.0,19.0,,,0.0,0.0,0.0,,,1.0,13.0,0.0,,,,,,,,,,,,,4.0,NT,19.2,-0.367647059,"Rothdale Rd [N], McMillans Rd [E], Henry Wrigley Dr [S], McMillans Rd [W]",Darwin,-12.395413,9.0,1.0,10.0,21.0,15.0,36.0,0.0,7.0,7.0,14.0,21.0,35.0,,,,,,,130.878263,9,5525.0,2023
2023-07-25,1.0,3.0,4.0,,,1.0,1.0,18.0,,,2.0,1.0,0.0,,,1.0,15.0,1.0,,,,,,,,,,,,,4.0,NT,21.4,-0.041666667,"Lee Point Rd [N], McMillans Rd [E], Marrara Dr [S], McMillans Rd [W]",Darwin,-12.39541,8.0,4.0,12.0,20.0,17.0,37.0,3.0,5.0,8.0,17.0,22.0,39.0,,,,,,,130.882965,0,5526.0,2023
2023-08-15,1.0,0.0,8.0,,,1.0,1.0,8.0,,,0.0,0.0,2.0,,,1.0,8.0,0.0,,,,,,,,,,,,,4.0,NT,17.2,-0.347826087,"Amy Johnson Ave [N], Stuart Hwy [E], Amy Johnson Ave [SW], Stuart Hwy [W]",Darwin,-12.427641,9.0,2.0,11.0,10.0,9.0,19.0,2.0,1.0,3.0,9.0,18.0,27.0,,,,,,,130.907681,2,5527.0,2023
2023-08-08,1.0,5.0,1.0,,,2.0,3.0,14.0,,,0.0,0.0,1.0,,,1.0,5.0,2.0,,,,,,,,,,,,,4.0,NT,19.6,-0.42,"Vanderlin Dr [N], Stuart Hwy [E], Berrimah Rd [S], Stuart Hwy [W]",Darwin,-12.433465,7.0,3.0,10.0,19.0,6.0,25.0,1.0,10.0,11.0,8.0,16.0,24.0,,,,,,,130.923379,7,5528.0,2023
2023-07-25,46.0,15.0,,,,5.0,13.0,,,,10.0,15.0,,,,,,,,,,,,,,,,,,,3.0,NT,54.0,-0.315068493,"Dick Ward Dr [E], East point Rd/Bike Path [S], East Point Rd/Bike Path [NW]",Darwin,-12.424536,61.0,15.0,76.0,18.0,61.0,79.0,25.0,28.0,53.0,,,,,,,,,,130.835473,0,5585.0,2023
2023-07-25,4.0,11.0,,,,3.0,1.0,,,,49.0,27.0,,,,,,,,,,,,,,,,,,,3.0,NT,54.2,-0.360544218,"Casuarina Foreshore Path [N], Casuarina Foreshore Path [E], Casuarina Foreshore Path [S]",Darwin,-12.371739,15.0,52.0,67.0,4.0,31.0,35.0,76.0,12.0,88.0,,,,,,,,,,130.863139,3,5981.0,2023
2023-08-08,2.0,2.0,,,,0.0,0.0,,,,6.0,0.0,,,,,,,,,,,,,,,,,,,3.0,NT,6.4,0.125,"Rothdale Rd [S], Freshwater Rd [W], Rothdale Rd [N]",Darwin,-12.391632,4.0,6.0,10.0,0.0,2.0,2.0,6.0,2.0,8.0,,,,,,,,,,130.877968,0,6188.0,2023
2023-08-01,13.0,12.0,,,,1.0,10.0,,,,0.0,0.0,,,,,,,,,,,,,,,,,,,3.0,NT,17.4,-0.326923077,"Lee Point Rd [N], Lee Point Rd [S], Tambling Tce [W]",Darwin,-12.366516,25.0,1.0,26.0,11.0,13.0,24.0,0.0,22.0,22.0,,,,,,,,,,130.892152,0,6808.0,2023
2023-08-01,15.0,7.0,,,,11.0,4.0,,,,3.0,3.0,,,,,,,,,,,,,,,,,,,3.0,NT,19.4,0.379310345,"Trower Rd [N], Trower Rd [S], Dripstone Rd [W]",Darwin,-12.377574,22.0,14.0,36.0,15.0,18.0,33.0,6.0,11.0,17.0,,,,,,,,,,130.88217,0,6830.0,2023
2023-07-25,0.0,10.0,31.0,0.0,,0.0,0.0,3.0,1.0,,0.0,0.0,0.0,0.0,,0.0,0.0,0.0,0.0,,1.0,0.0,0.0,3.0,,,,,,,5.0,NT,26.0,-0.093023256,"Tiger Brennan Drive north bound [N], Frances Bay Drive north bound [NE], Frances Bay Drive south bound [S], Tiger Brennan Drive south bound [SW], Dinah Beach Rd [W]",Darwin,-12.45294,41.0,1.0,42.0,4.0,0.0,4.0,0.0,10.0,10.0,0.0,37.0,37.0,4.0,1.0,5.0,,,,130.847549,0,6949.0,2023
2023-07-25,2.0,15.0,,,,6.0,8.0,,,,8.0,1.0,,,,,,,,,,,,,,,,,,,3.0,NT,17.8,0.0,"Dripstone Rd [SE], Lakeside Dr [SW], Dripstone Rd [NW]",Darwin,-12.374524,17.0,14.0,31.0,14.0,3.0,17.0,9.0,23.0,32.0,,,,,,,,,,130.87454,2,7123.0,2023
2023-08-01,3.0,0.0,0.0,,,3.0,0.0,2.0,,,0.0,0.0,0.0,,,1.0,4.0,0.0,,,,,,,,,,,,,4.0,NT,6.6,0.083333333,"Berrimah Rd [N], Tiger Brennan Dr [E], Berrimah Rd [S], Tiger Brennan Dr [W]",Darwin,-12.45,3.0,4.0,7.0,5.0,7.0,12.0,0.0,0.0,0.0,5.0,2.0,7.0,,,,,,,130.9235,0,7130.0,2023
2023-07-25,0.0,4.0,13.0,,,4.0,0.0,10.0,,,4.0,1.0,1.0,,,14.0,4.0,0.0,,,,,,,,,,,,,4.0,NT,26.4,-0.428571429,"Fox Cr [NE], Nightcliff Rd [SE], Camphor St [SW], Nightcliff Rd [NW]",Darwin,-12.382654,17.0,22.0,39.0,14.0,5.0,19.0,6.0,4.0,10.0,18.0,24.0,42.0,,,,,,,130.853932,1,7249.0,2023
2023-07-25,7.0,27.0,2.0,,,2.0,0.0,6.0,,,4.0,1.0,0.0,,,2.0,10.0,3.0,,,,,,,,,,,,,4.0,NT,36.2,0.0,"Garramilla Blvd [NE], McMinn St [SE], Garramilla Blvd [SW], McMinn St [NW]",Darwin,-12.458133,36.0,8.0,44.0,8.0,18.0,26.0,5.0,30.0,35.0,15.0,8.0,23.0,,,,,,,130.8427,0,7351.0,2023
2023-07-25,,,,,,,,,,,,,,,,,,,,,,,,,,,,,,,,,0.0,,,,,,,,,,,,,,,,,,,,,,,,0,,2023
2023-07-25,,,,,,,,,,,,,,,,,,,,,,,,,,,,,,,,,0.0,,,,,,,,,,,,,,,,,,,,,,,,0,,2023
2023-07-25,,,,,,,,,,,,,,,,,,,,,,,,,,,,,,,,,0.0,,,,,,,,,,,,,,,,,,,,,,,,0,,2023
2023-07-25,,,,,,,,,,,,,,,,,,,,,,,,,,,,,,,,,0.0,,,,,,,,,,,,,,,,,,,,,,,,0,,2023
2023-07-25,,,,,,,,,,,,,,,,,,,,,,,,,,,,,,,,,0.0,,,,,,,,,,,,,,,,,,,,,,,,0,,2023
2023-07-25,,,,,,,,,,,,,,,,,,,,,,,,,,,,,,,,,0.0,,,,,,,,,,,,,,,,,,,,,,,,0,,2023
2023-08-08,4.0,0.0,,,,4.0,7.0,,,,6.0,4.0,,,,,,,,,,,,,,,,,,,3.0,NT,12.6,-0.571428571,"McMillans Rd [NE], Stuart Hwy [SE], Stuart Hwy [NW]",Palmerston,-12.444442,4.0,10.0,14.0,11.0,8.0,19.0,10.0,7.0,17.0,,,,,,,,,,130.952575,0,5500.0,2023
2023-08-08,0.0,2.0,0.0,,,5.0,4.0,7.0,,,3.0,6.0,1.0,,,1.0,11.0,0.0,,,,,,,,,,,,,4.0,NT,23.4,0.125,"Roystonea Ave [N], Lambrick Ave [E], Roystonea Ave [S], Lambrick Ave [W]",Palmerston,-12.502173,2.0,9.0,11.0,16.0,17.0,33.0,10.0,6.0,16.0,12.0,8.0,20.0,,,,,,,130.998955,0,5982.0,2023
2023-08-08,8.0,6.0,5.0,,,5.0,4.0,9.0,,,1.0,2.0,12.0,,,1.0,1.0,2.0,,,,,,,,,,,,,4.0,NT,33.6,0.068181818,"Lambrick Ave [E], Zuccoli Pde [S], Lambrick Ave [W], Farrar Blvd [N]",Palmerston,-12.501095,19.0,7.0,26.0,18.0,11.0,29.0,15.0,12.0,27.0,4.0,26.0,30.0,,,,,,,131.006133,0,6566.0,2023
2023-08-08,4.0,0.0,,,,4.0,4.0,,,,2.0,6.0,,,,,,,,,,,,,,,,,,,3.0,NT,10.8,0.416666667,"University Ave [E], Elrundie Ave [S], Kirkland Rd [W]",Palmerston,-12.481,4.0,6.0,10.0,8.0,10.0,18.0,8.0,4.0,12.0,,,,,,,,,,130.97,0,7128.0,2023
2023-08-09,0.0,1.0,0.0,,,7.0,4.0,2.0,,,1.0,2.0,2.0,,,0.0,1.0,0.0,,,,,,,,,,,,,4.0,NT,9.8,0.2,"Temple Terrace [NE], Farrar Boulevard [SE], Temple Terrace [SW], Toupein Road [NW]",Palmerston,-12.476771,1.0,8.0,9.0,13.0,3.0,16.0,5.0,5.0,10.0,1.0,4.0,5.0,,,,,,,130.99263,2,6951.0,2023
2023-08-15,1.0,3.0,,,,0.0,3.0,,,,2.0,7.0,,,,,,,,,,,,,,,,,,,3.0,NT,6.2,0.142857143,"Roystonea Ave [SE], University Ave [SW], Roystonea Ave [NW]",Palmerston,-12.475906,4.0,2.0,6.0,3.0,8.0,11.0,9.0,6.0,15.0,,,,,,,,,,130.985374,0,5501.0,2023
2023-08-15,5.0,1.0,0.0,,,3.0,2.0,1.0,,,6.0,0.0,0.0,,,2.0,0.0,0.0,,,,,,,,,,,,,4.0,NT,8.6,0.0,"Yarrawonga Rd [NE], Roystonea Ave [SE], Packard Ave [W], Roystonea Ave [NW]",Palmerston,-12.473,6.0,11.0,17.0,6.0,5.0,11.0,6.0,3.0,9.0,2.0,1.0,3.0,,,,,,,130.983,0,7127.0,2023
2023-08-15,2.0,1.0,1.0,,,4.0,1.0,0.0,,,5.0,2.0,4.0,,,0.0,0.0,0.0,,,,,,,,,,,,,4.0,NT,10.6,,"Temple Terrace [NE], Chung Wah Terrace [SE], Temple Terrace [SW], Chung Wah Terrace [NW]",Palmerston,-12.482352,4.0,9.0,13.0,5.0,4.0,9.0,11.0,2.0,13.0,0.0,5.0,5.0,,,,,,,130.985197,0,7851.0,2023
2023-08-22,5.0,4.0,2.0,,,0.0,0.0,1.0,,,1.0,1.0,0.0,,,5.0,4.0,1.0,,,,,,,,,,,,,4.0,NT,14.2,,"Lakeview Boulevard [N], Buscall Avenue [E], Maurice Terrace [S], Buscall Avenue [W]",Palmerston,-12.491071,11.0,6.0,17.0,1.0,10.0,11.0,2.0,5.0,7.0,10.0,3.0,13.0,,,,,,,130.997802,0,7852.0,2023
2023-07-25,0.0,0.0,2.0,,,1.0,0.0,4.0,,,2.0,0.0,2.0,,,0.0,2.0,0.0,,,,,,,,,,,,,4.0,NT,6.8,-0.409090909,"Temple Tce [NE], Roystonea Ave/Footpath [SE], Temple Tce/Footpath [SW], Roystonea Ave/Footpath [NW]",Palmerston,-12.479334,2.0,3.0,5.0,5.0,2.0,7.0,4.0,0.0,4.0,2.0,8.0,10.0,,,,,,,130.988479,0,6807.0,2023
2023-07-25,0.0,0.0,1.0,,,0.0,2.0,7.0,,,0.0,8.0,2.0,,,0.0,3.0,0.0,,,,,,,,,,,,,4.0,NT,12.4,-0.35483871,"Howard Springs Rd [NE], Howard Springs shared path [SE], Howard Springs Rd [SW], Howard Springs shared path [NW]",Palmerston,-12.493,1.0,0.0,1.0,9.0,11.0,20.0,10.0,2.0,12.0,3.0,10.0,13.0,,,,,,,131.019,5,7129.0,2023
2023-07-25,2.0,3.0,,,,2.0,0.0,,,,0.0,1.0,,,,,,,,,,,,,,,,,,,3.0,NT,4.8,,"The Boulevard [NE], The Boulevard [SW], Frances Drive [NW]",Palmerston,-12.479452,5.0,2.0,7.0,2.0,3.0,5.0,1.0,3.0,4.0,,,,,,,,,,130.984531,0,7850.0,2023
2023-07-25,,,,,,,,,,,,,,,,,,,,,,,,,,,,,,,,,0.0,,,,,,,,,,,,,,,,,,,,,,,,0,,2023
2023-07-25,,,,,,,,,,,,,,,,,,,,,,,,,,,,,,,,,0.0,,,,,,,,,,,,,,,,,,,,,,,,0,,2023
2023-07-25,,,,,,,,,,,,,,,,,,,,,,,,,,,,,,,,,0.0,,,,,,,,,,,,,,,,,,,,,,,,0,,2023
2023-07-25,,,,,,,,,,,,,,,,,,,,,,,,,,,,,,,,,0.0,,,,,,,,,,,,,,,,,,,,,,,,0,,2023
2023-07-25,,,,,,,,,,,,,,,,,,,,,,,,,,,,,,,,,0.0,,,,,,,,,,,,,,,,,,,,,,,,0,,2023
2023-07-25,,,,,,,,,,,,,,,,,,,,,,,,,,,,,,,,,0.0,,,,,,,,,,,,,,,,,,,,,,,,0,,2023
2023-07-25,,,,,,,,,,,,,,,,,,,,,,,,,,,,,,,,,0.0,,,,,,,,,,,,,,,,,,,,,,,,0,,2023
2023-07-25,,,,,,,,,,,,,,,,,,,,,,,,,,,,,,,,,0.0,,,,,,,,,,,,,,,,,,,,,,,,0,,2023
2023-07-25,,,,,,,,,,,,,,,,,,,,,,,,,,,,,,,,,0.0,,,,,,,,,,,,,,,,,,,,,,,,0,,2023
2023-07-25,,,,,,,,,,,,,,,,,,,,,,,,,,,,,,,,,0.0,,,,,,,,,,,,,,,,,,,,,,,,0,,2023
2023-07-25,,,,,,,,,,,,,,,,,,,,,,,,,,,,,,,,,0.0,,,,,,,,,,,,,,,,,,,,,,,,0,,2023
2023-07-25,,,,,,,,,,,,,,,,,,,,,,,,,,,,,,,,,0.0,,,,,,,,,,,,,,,,,,,,,,,,0,,2023
2023-07-25,,,,,,,,,,,,,,,,,,,,,,,,,,,,,,,,,0.0,,,,,,,,,,,,,,,,,,,,,,,,0,,2023
2023-07-25,,,,,,,,,,,,,,,,,,,,,,,,,,,,,,,,,0.0,,,,,,,,,,,,,,,,,,,,,,,,0,,2023
2023-07-25,,,,,,,,,,,,,,,,,,,,,,,,,,,,,,,,,0.0,,,,,,,,,,,,,,,,,,,,,,,,0,,2023
2023-07-25,,,,,,,,,,,,,,,,,,,,,,,,,,,,,,,,,0.0,,,,,,,,,,,,,,,,,,,,,,,,0,,2023
2023-07-25,,,,,,,,,,,,,,,,,,,,,,,,,,,,,,,,,0.0,,,,,,,,,,,,,,,,,,,,,,,,0,,2023
2023-07-25,,,,,,,,,,,,,,,,,,,,,,,,,,,,,,,,,0.0,,,,,,,,,,,,,,,,,,,,,,,,0,,2023
2023-07-25,,,,,,,,,,,,,,,,,,,,,,,,,,,,,,,,,0.0,,,,,,,,,,,,,,,,,,,,,,,,0,,2023
2023-07-25,,,,,,,,,,,,,,,,,,,,,,,,,,,,,,,,,0.0,,,,,,,,,,,,,,,,,,,,,,,,0,,2023
2023-07-25,,,,,,,,,,,,,,,,,,,,,,,,,,,,,,,,,0.0,,,,,,,,,,,,,,,,,,,,,,,,0,,2023
2023-07-25,,,,,,,,,,,,,,,,,,,,,,,,,,,,,,,,,0.0,,,,,,,,,,,,,,,,,,,,,,,,0,,2023
2023-07-25,,,,,,,,,,,,,,,,,,,,,,,,,,,,,,,,,0.0,,,,,,,,,,,,,,,,,,,,,,,,0,,2023
2023-07-25,,,,,,,,,,,,,,,,,,,,,,,,,,,,,,,,,0.0,,,,,,,,,,,,,,,,,,,,,,,,0,,2023
2023-07-25,,,,,,,,,,,,,,,,,,,,,,,,,,,,,,,,,0.0,,,,,,,,,,,,,,,,,,,,,,,,0,,2023
2023-07-25,,,,,,,,,,,,,,,,,,,,,,,,,,,,,,,,,0.0,,,,,,,,,,,,,,,,,,,,,,,,0,,2023
2023-07-25,,,,,,,,,,,,,,,,,,,,,,,,,,,,,,,,,0.0,,,,,,,,,,,,,,,,,,,,,,,,0,,2023
2023-07-25,,,,,,,,,,,,,,,,,,,,,,,,,,,,,,,,,0.0,,,,,,,,,,,,,,,,,,,,,,,,0,,2023
2023-07-25,,,,,,,,,,,,,,,,,,,,,,,,,,,,,,,,,0.0,,,,,,,,,,,,,,,,,,,,,,,,0,,2023
2023-07-25,,,,,,,,,,,,,,,,,,,,,,,,,,,,,,,,,0.0,,,,,,,,,,,,,,,,,,,,,,,,0,,2023
2023-07-25,,,,,,,,,,,,,,,,,,,,,,,,,,,,,,,,,0.0,,,,,,,,,,,,,,,,,,,,,,,,0,,2023
2023-07-25,,,,,,,,,,,,,,,,,,,,,,,,,,,,,,,,,0.0,,,,,,,,,,,,,,,,,,,,,,,,0,,2023
2023-07-25,,,,,,,,,,,,,,,,,,,,,,,,,,,,,,,,,0.0,,,,,,,,,,,,,,,,,,,,,,,,0,,2023
2023-07-25,,,,,,,,,,,,,,,,,,,,,,,,,,,,,,,,,0.0,,,,,,,,,,,,,,,,,,,,,,,,0,,2023
2023-07-25,,,,,,,,,,,,,,,,,,,,,,,,,,,,,,,,,0.0,,,,,,,,,,,,,,,,,,,,,,,,0,,2023
2023-07-25,,,,,,,,,,,,,,,,,,,,,,,,,,,,,,,,,0.0,,,,,,,,,,,,,,,,,,,,,,,,0,,2023
2023-07-25,,,,,,,,,,,,,,,,,,,,,,,,,,,,,,,,,0.0,,,,,,,,,,,,,,,,,,,,,,,,0,,2023
2023-07-25,,,,,,,,,,,,,,,,,,,,,,,,,,,,,,,,,0.0,,,,,,,,,,,,,,,,,,,,,,,,0,,2023
2023-07-25,,,,,,,,,,,,,,,,,,,,,,,,,,,,,,,,,0.0,,,,,,,,,,,,,,,,,,,,,,,,0,,2023
2023-07-25,,,,,,,,,,,,,,,,,,,,,,,,,,,,,,,,,0.0,,,,,,,,,,,,,,,,,,,,,,,,0,,2023
2023-07-25,,,,,,,,,,,,,,,,,,,,,,,,,,,,,,,,,0.0,,,,,,,,,,,,,,,,,,,,,,,,0,,2023
2023-07-25,,,,,,,,,,,,,,,,,,,,,,,,,,,,,,,,,0.0,,,,,,,,,,,,,,,,,,,,,,,,0,,2023
